"id","name","friends_count","screen_name","location","description","listed_count","followers_count","favourites_count","created_at","user_key","lang","verified","time_zone","statuses_count"
"100345056","#Ezekiel2517✨...",1055,"SCOTTGOHARD","still ⬆️Block⤵️Corner⬇️street","CELEBRITY TRAINER ✨#424W147th✨ #CrossfitCoach #NSCA #IRepresentIntellectualViolence...Robinson Cano,Ice T,Missy Elliott, #EaglesDontFlyInFlocks...",35,1053,2774,"Tue Dec 29 23:15:22 +0000 2009","scottgohard","en",false,"",31858
"247165706","B E C K S T E R✨",896,"Beckster319","Chicago, IL","Rebecca Lynn Hirschfeld Actress.Model.Writer.Amateur Race Car Driver. ~ Adorkable",30,650,7273,"Fri Feb 04 06:38:45 +0000 2011","beckster319","en",false,"Mountain Time (US & Canada)",6742
"249538861","Chris Osborne",154,"skatewake1994","","",1,44,227,"Wed Feb 09 07:38:44 +0000 2011","skatewake1994","en",false,"",843
"449689677","Рамзан Кадыров",7,"KadirovRussia","","Пародийный аккаунт. Озвучиваю то, что политикам не позволено протоколом",691,94773,0,"Thu Dec 29 11:31:09 +0000 2011","kadirovrussia","ru",false,"Moscow",10877
"471868887","Маргарита Саваж",8021,"MargoSavazh","Санкт-Петербург, Россия","Честь имею. Нагло врать не умею.",231,23305,1480,"Mon Jan 23 10:26:25 +0000 2012","margosavazh","ru",false,"Volgograd",18401
"1039581360","Dark Nally",40,"darknally","Amerika","uptodate news!!!!",16,22,0,"Thu Dec 27 13:06:58 +0000 2012","darknally","id",false,"Jakarta",22603
"1510488662","Laila Heats",2369,"lagonehoe","USA","How can you judge me when you don’t know me?",12,3080,3504,"Wed Jun 12 13:07:49 +0000 2013","lagonehoe","en",false,"Eastern Time (US & Canada)",2228
"1513801268","CC Jack",2700,"YouJustCtrlC","USA","ProBlack | Stoner | even jesus was stoned before receiving the throne | #BlackToLive | #BlackLivesMatter",10,2760,2744,"Thu Jun 13 16:07:23 +0000 2013","youjustctrlc","en",false,"Eastern Time (US & Canada)",2100
"1517678892","Mr Moran",758,"MrMoraan","Philadelphia, PA","I'm getting too cool for this social media shiz. That cynical bastard you hate to love.",15,879,2981,"Fri Jun 14 21:58:48 +0000 2013","mrmoraan","en",false,"Eastern Time (US & Canada)",2044
"1518857420","Jonathon Norwood",440,"NoJonathonNo","USA","Strive not to be a success but rather to be of value #blm #BforLife",8,789,2170,"Sat Jun 15 08:47:02 +0000 2013","nojonathonno","en",false,"Eastern Time (US & Canada)",2002
"1532863891","Harper H21",1626,"CharlesJHarper","ATL","if you don't like me-it's ok",21,1956,1850,"Thu Jun 20 04:49:04 +0000 2013","charlesjharper","en",false,"Eastern Time (US & Canada)",3300
"1533813962","Lara Pretty",1360,"PrettyLaraPlace","USA","Bitter Clinger #USAFVet #NRA #2A #bluestarmom #Crossfit #christian",24,1795,3555,"Thu Jun 20 12:35:59 +0000 2013","prettylaraplace","en",false,"Eastern Time (US & Canada)",3342
"1584279696","Jasiah Jenkins",393,"BigBoyJasiah","Chicago, IL","Visionary..... don't put me in a box.... Enigma... Unconditional Love. I'm the good guy. if u heard otherwise you been lied to",19,728,2342,"Wed Jul 10 23:55:16 +0000 2013","bigboyjasiah","en",false,"Eastern Time (US & Canada)",1918
"1594887416","Jeremy Roberts",898,"Jery_RobertsYo","USA","I think we can all agree that the 3 most powerful words of 2015 were “#BlackLivesMatter”",5,837,1836,"Mon Jul 15 03:34:50 +0000 2013","jery_robertsyo","en",false,"Eastern Time (US & Canada)",1573
"1612106972","Reuben Littlejohn",608,"LILJordamn","USA","young nigga just trying to make# also do music#",16,738,2251,"Mon Jul 22 05:34:20 +0000 2013","liljordamn","en",false,"Eastern Time (US & Canada)",1899
"1617939218","Pauline Gunn",1075,"PaulineTT","USA","I be trying to chill, I swear do, because I luh God. You'on luh God?þ#NoChill #BlackLivesMatter",5,908,1983,"Wed Jul 24 14:50:02 +0000 2013","paulinett","en",false,"Eastern Time (US & Canada)",1906
"1620474397","Ramona Mcintosh",1138,"RamonasNails","USA","Mom, Global Nail Artist, Consultant, blah,blah, I do more than paint a nail",6,877,1992,"Thu Jul 25 14:06:28 +0000 2013","ramonasnails","en",false,"Eastern Time (US & Canada)",1745
"1623180199","Jeffrey Kahunas",1586,"JeffreyKahunas","","Honor God & Jesus & Your Parents Country, GOP, I Follow Back #tcot #RedNationRising #InGodWeTrust",18,1565,1090,"Fri Jul 26 15:01:14 +0000 2013","jeffreykahunas","en",false,"Pacific Time (US & Canada)",2320
"1627096807","Jason Scott",321,"JassScott","Chicago, IL","Bring the drama, playa. Give me all you got. Make your move. Shoot your best shotþ#BLM Bitch",13,674,2004,"Sun Jul 28 04:54:51 +0000 2013","jassscott","en",false,"Eastern Time (US & Canada)",1818
"1627699074","Sherman Cannon",2487,"CannonSher","United States","Education costs money.  But then so does ignorance.",30,2854,10128,"Sun Jul 28 11:51:53 +0000 2013","cannonsher","en",false,"Eastern Time (US & Canada)",10203
"1629828379","Lovely Cass",2220,"cassishere","New York, USA","Fun-loving conservative sharing the truth that liberals can't handle. #TCOT",36,2121,4154,"Mon Jul 29 07:59:27 +0000 2013","cassishere","en",false,"Eastern Time (US & Canada)",3831
"1647045721","Carrie",2272,"CarrieThornthon","Alaska","Conservative Christian Momma. Political junkie. Happily married",23,2291,3930,"Mon Aug 05 05:56:27 +0000 2013","carriethornthon","en",false,"Eastern Time (US & Canada)",3222
"1648012021","Anthony Nelson",1164,"ImaPharrelFake","United States","Here to state my point of view, make you laugh and most importanly to stand up for and represent my people #BlackLivesMatter",16,853,2764,"Mon Aug 05 14:58:13 +0000 2013","imapharrelfake","en",false,"Eastern Time (US & Canada)",1771
"1649144358","Wesley Holmes",1351,"WesternWindWes","","Stand with God, Family, Constitution & 2A. On A Mission 2Save America. LIBS R BLOCKEDþ#WakeUpAmerica #tcot #GodBlessAmerica",29,1519,592,"Tue Aug 06 01:49:24 +0000 2013","westernwindwes","en",false,"Pacific Time (US & Canada)",1232
"1649487510","Khloe Irving",859,"HiImKhloe","USA","Running back and forth forever between grief and high delight | problack | proguns | Always on point",13,909,2026,"Tue Aug 06 05:08:41 +0000 2013","hiimkhloe","en",false,"Eastern Time (US & Canada)",1935
"1649967228","Nick Luna",1262,"_NickLuna_","United States","Christian, Dad, Husband, Conservative. Trolls muted #tcot #PJNET",21,1457,2001,"Tue Aug 06 10:16:28 +0000 2013","_nickluna_","en",false,"Pacific Time (US & Canada)",2100
"1650681522","Messiah Haynes",2421,"IlikeBIGbuttand","United States","The only true wisdom is in knowing you know nothing!",27,2804,3939,"Tue Aug 06 16:32:34 +0000 2013","ilikebigbuttand","en",false,"Eastern Time (US & Canada)",5554
"1651692980","Thomas Lopez",551,"staywoke88","USA","Problem solver...",11,456,1117,"Wed Aug 07 01:19:25 +0000 2013","staywoke88","en",false,"Eastern Time (US & Canada)",1637
"1651693646","Cynthia Mary Hunter",451,"CynthiaMHunter","United States","Christian Conservative #ProConstitution #2A #ProLife #ProIsrael #CruzCrew #SOV #SOT #LoveFreedom #StandUnited",23,429,4532,"Wed Aug 07 01:19:57 +0000 2013","cynthiamhunter","en",false,"Eastern Time (US & Canada)",2759
"1652138929","Bossy Bo$$",806,"acejinev","NY","Very outspoken, but don't take it for anger. xoxo. Loving and welcoming to everyone!  #BlackLivesMatter #BlackToLive",11,900,1836,"Wed Aug 07 05:22:21 +0000 2013","acejinev","en",false,"Eastern Time (US & Canada)",1725
"1652262638","Anton Haynes",310,"AntonHayHay","USA","white people are the most blood thirsty savages the world has ever seen #BLM #ICantBreath",14,671,1849,"Wed Aug 07 06:52:35 +0000 2013","antonhayhay","en",false,"Eastern Time (US & Canada)",1936
"1652987412","Alec Moody",530,"AlecMooooody","USA","Love and respect all colors of skin. Teach respect, responsibility, and strength! #BlackLivesMatter  #StayWoke",23,905,3738,"Wed Aug 07 13:58:59 +0000 2013","alecmooooody","en",false,"Eastern Time (US & Canada)",3420
"1653553555","Jayda Stone",1196,"JaydaAstonishin","Florida","Aquarius. Queen Bey Stan. Happily Taken. carefree black gyal ✨",9,916,2191,"Wed Aug 07 17:59:05 +0000 2013","jaydaastonishin","en",false,"Eastern Time (US & Canada)",1978
"1655194147","̧M̧ȩļa̧ņi̧ņ",915,"melanymelanin","St Louis, MO","",10,963,2717,"Thu Aug 08 11:23:24 +0000 2013","melanymelanin","en",false,"Eastern Time (US & Canada)",2121
"1656024374","Nancy CAMPBELL",478,"IMissObama","","I already miss Barack Obama in 2k16 smth...",14,784,2088,"Thu Aug 08 19:11:36 +0000 2013","imissobama","en",false,"Eastern Time (US & Canada)",2124
"1656685598","Jeanne Mccarthy",3420,"JeanneMccarthy0","USA","Conservative domestic goddess devoted to God, Family, Country, praying daily for #America! #tcot #ccot #RepealObamacare.",35,3242,1863,"Fri Aug 09 02:18:37 +0000 2013","jeannemccarthy0","en",false,"Eastern Time (US & Canada)",1999
"1657694515","Jadon Dailey",1485,"DaileyJadon","US","You only live once, but if you do it right, once is enough",13,1753,1298,"Fri Aug 09 12:38:08 +0000 2013","daileyjadon","en",false,"Eastern Time (US & Canada)",2299
"1657833811","Adrienne",1548,"Adrienne_GG","USA","lucky I am))",15,1822,1010,"Fri Aug 09 13:55:17 +0000 2013","adrienne_gg","en",false,"Eastern Time (US & Canada)",2083
"1658202894","Laura Baeley",1160,"LauraBaeley","United States","Liberty's Torch Bearer and best friend. OPINIONS ARE MY OWN. Getting more conservative by the day because of bearing a torch for liberty!!",14,1073,1933,"Fri Aug 09 17:24:31 +0000 2013","laurabaeley","en",false,"Eastern Time (US & Canada)",1946
"1658420976","Bao Ham",836,"BaoBaeHam","USA","When I let go of what I am, I become what I might be.",12,1032,2420,"Fri Aug 09 19:23:10 +0000 2013","baobaeham","en",false,"Eastern Time (US & Canada)",2004
"1658440730","Travi$ Lane",931,"TravisRespek","USA","'As long as we try, maybe things will change' -pac #BlackLivesMatter #PrayForTheWorld",12,826,2384,"Fri Aug 09 19:14:25 +0000 2013","travisrespek","en",false,"Eastern Time (US & Canada)",1875
"4332740714","",,"USA_Gunslinger","","",,,,"","usa_gunslinger","",,"",
"4840551713","",,"BlackToLive","","",,,,"","blacktolive","",,"",
"4437233895","",,"Crystal1Johnson","","",,,,"","crystal1johnson","",,"",
"4224729994","",,"TEN_GOP","","",,,,"","ten_gop","",,"",
"1659549972","Jared Mallory",874,"MalloryJared","NY","I`m studing to earn much money in the future and i`m working to earn money for studing...",17,824,2145,"Sat Aug 10 08:10:31 +0000 2013","malloryjared","en",false,"Eastern Time (US & Canada)",1811
"1660375034","Sarah Richards",974,"iLoveSarahRich","USA","Just trying to love the life I'm living & the people in itþBtw #InWoke #BLM #BlackToLive",6,865,2021,"Sat Aug 10 15:28:00 +0000 2013","ilovesarahrich","en",false,"Eastern Time (US & Canada)",1747
"1660771422","Garret Simpson",1339,"GarrettSimpson_","USA","Conservative, but I like chatting with people of both sides of the political aisle #tcot",25,1588,1577,"Sat Aug 10 19:27:26 +0000 2013","garrettsimpson_","en",false,"Eastern Time (US & Canada)",2010
"1661246144","Kate Ritter",1320,"KateRitterrrr","USA","I am a True Conservative and I love my country with all my heart! Happily married....",54,1578,6797,"Sun Aug 11 00:17:33 +0000 2013","kateritterrrr","en",false,"Eastern Time (US & Canada)",5347
"1662453998","Ernest Rivers",864,"ErRivvvvers","USA","You do what you want when you poppin' #Thugger ☀️ #blacklivesmatter #DABBNATION Still wondering what Metro Boomin want some more of…",10,827,2263,"Sun Aug 11 12:32:12 +0000 2013","errivvvvers","en",false,"Eastern Time (US & Canada)",1854
"1664988493","Claudia",1723,"claudia42kern","USA","Lots of hobbies, prefer to lay in bed and do nothing ☺️",20,2102,1609,"Mon Aug 12 12:28:59 +0000 2013","claudia42kern","en",false,"Eastern Time (US & Canada)",2574
"1665377383","Elias Briggs",903,"EliasBrick","New York, USA","Tenured professor, Director of Black Church Studies, minister, activist, womanist theologian, displaced New Yorker, lover of words",6,820,2060,"Mon Aug 12 15:33:31 +0000 2013","eliasbrick","en",false,"Eastern Time (US & Canada)",2047
"1666030405","Pam Daniels",549,"PamBLMDaniels","USA","Smart, strong, sensual womanþ#BlackLivesMatter activist",24,943,2530,"Mon Aug 12 20:50:57 +0000 2013","pamblmdaniels","en",false,"Eastern Time (US & Canada)",2478
"1668307436","Curtis Burrell",2896,"CurtisBigMan","Baltimore","Big Man!",32,3143,3721,"Tue Aug 13 17:05:52 +0000 2013","curtisbigman","en",false,"Eastern Time (US & Canada)",5510
"1669574551","Rick Shafer",3191,"deusXYX","USA","Freedom & Liberty Warrior Constitutional Conservative. USAF Veteran 316/46150 under Ronald Reagan. Levin #1 #Israel #PJNET",36,2694,1021,"Wed Aug 14 05:02:51 +0000 2013","deusxyx","en",false,"Eastern Time (US & Canada)",1703
"1670149272","Javon Grayson",456,"JavonHIDP","USA","The best time to plant a tree was 20 years ago. The second best time is now.",18,841,4438,"Wed Aug 14 10:44:06 +0000 2013","javonhidp","en",false,"Eastern Time (US & Canada)",3479
"1670318690","Alexander Massey",854,"Siccerthanyou","USA","siccer than your average, boi #blm #BlackLivesMatter #StayWoke #BlackToLive",13,941,2313,"Wed Aug 14 11:53:20 +0000 2013","siccerthanyou","en",false,"Eastern Time (US & Canada)",2039
"1671234620","Susan",2159,"hyddrox","USA","~Reagan Conservative ~Jesus Lover ~PRO-Israel ~PRO-2A ~PRO-Life ~PRO-Constitution ~Support Police & Military #RenewUS #PJNET #TCOT #CruzCrew #WakeUpAmerica",72,2225,8748,"Wed Aug 14 19:07:30 +0000 2013","hyddrox","en",false,"Eastern Time (US & Canada)",10242
"1672624255","Samir Gooden",794,"SamirGooden","USA","Young (in spirit), Gifted and Black. Proud Progressive Woman. A Man Who Stands For Nothing Will Fall For Anything- Malcolm X (MY ADDITION) #MalcolmX #BLM",11,873,2237,"Thu Aug 15 08:09:52 +0000 2013","samirgooden","en",false,"Eastern Time (US & Canada)",1739
"1674083671","Gabriella Aldana",3020,"Gab1Aldana","USA","❤ Love my life ❤",31,3356,3861,"Thu Aug 15 21:02:22 +0000 2013","gab1aldana","en",false,"Eastern Time (US & Canada)",3861
"1676377446","Chad Sloyer",872,"ChadSloyer","USA","i was a good kid. never said I was a good adult. - Terrance Howard",11,797,3081,"Fri Aug 16 18:51:11 +0000 2013","chadsloyer","en",false,"Eastern Time (US & Canada)",2446
"1676481360","Emilee Waren",1501,"EmileeWaren","USA","•Christian•Constitutional•Capitalist •NRA•Supporting Military•Police •Wife•Mom",23,1909,1778,"Fri Aug 16 19:50:47 +0000 2013","emileewaren","en",false,"Eastern Time (US & Canada)",2170
"1677048979","Gwendolyn Lovet",875,"GwennyThot","Baton Rouge, LA","I HAVE TOO MANY FLAWS TO BE PERFECT BUT I HAVE TOO MANY BLESSINGS TO BE UNGRATEFUL ❤❤",16,1055,3124,"Sat Aug 17 01:20:54 +0000 2013","gwennythot","en",false,"Eastern Time (US & Canada)",2597
"1679279490","Amelie Baldwin",1930,"AmelieBaldwin","USA","Wife, Mother, Patriot, Friend",160,2464,14540,"Sat Aug 17 22:53:07 +0000 2013","ameliebaldwin","en",false,"Eastern Time (US & Canada)",15227
"1680578719","Rosie Wise",637,"RosieOnFleek","USA","'So, About That' on YT. Your woke big sister.þ#Woke #BlackAndProud #BLM",23,683,1353,"Sun Aug 18 11:56:48 +0000 2013","rosieonfleek","en",false,"Eastern Time (US & Canada)",1229
"1681162956","Jerry",2279,"camosaseko","Chicago, IL","Enjoy your life and don't interfere in mine",27,2608,10088,"Sun Aug 18 17:12:57 +0000 2013","camosaseko","en",false,"Eastern Time (US & Canada)",9703
"1682444790","Peyton Cash",746,"PeytonCashOut","USA","#blackpride. Opinions, insights and witticisms are all free! #NiggaThatCares",12,770,1964,"Mon Aug 19 05:55:49 +0000 2013","peytoncashout","en",false,"Eastern Time (US & Canada)",1576
"1684524144","Will Wise",812,"DatWiseNigga","USA","Squad goin' up, nobody flippin' packs nowþ#IloveMakonnen4life",16,904,2393,"Tue Aug 20 00:53:56 +0000 2013","datwisenigga","en",false,"Eastern Time (US & Canada)",1844
"1685173321","Chase Bacon",707,"BLMSoldier","USA","#BlackLivesMatter Future Guest on Pardon The Interruption, Around the Horn & Highly Questionable...",25,696,2129,"Tue Aug 20 07:33:54 +0000 2013","blmsoldier","en",false,"Eastern Time (US & Canada)",1889
"1685718216","John Larsen",852,"J0hnLarsen","America","stand 4 conservatism, patriotism & optimism. Protect our Kids! #WakeUpAmerica",21,541,3211,"Tue Aug 20 13:02:28 +0000 2013","j0hnlarsen","en",false,"Eastern Time (US & Canada)",2387
"1685771767","Stanley Parrish",1149,"StanleyParris","USA","I attribute my success to this: I never gave or took any excuse.",9,849,1975,"Tue Aug 20 12:59:48 +0000 2013","stanleyparris","en",false,"Eastern Time (US & Canada)",1761
"1686370159","Archie Olivers",3396,"ArchieOlivers","United States","My patriotic heart beats red, white, & blue.Just a guy in one of those fly over states! #2A",28,2569,1006,"Tue Aug 20 17:49:51 +0000 2013","archieolivers","en",false,"Pacific Time (US & Canada)",1854
"1687183549","Bleep The Police",8071,"BleepThePolice","USA","For a second at least, I'm resurrecting the peaceþþ#Blacktivist #BlackLivesMatter",163,13196,11083,"Wed Aug 21 01:49:22 +0000 2013","bleepthepolice","en",false,"Eastern Time (US & Canada)",13727
"1688370956","Watch Jenny Walkin'",547,"WatchMeWalkin","Georgia, USA","Working - Music geek + Blacker than BlackHole",10,851,2214,"Wed Aug 21 13:49:48 +0000 2013","watchmewalkin","en",false,"Pacific Time (US & Canada)",2259
"1690487623","Michelle Arrington",3290,"MichelleArry","USA","Cautiously Optimistic Conservative. Gathering followers one at a time",42,3229,2157,"Thu Aug 22 08:41:12 +0000 2013","michellearry","en",false,"Eastern Time (US & Canada)",2433
"1691736218","Reginald Blackmon",931,"RegieBlackmon","Los Angeles, CA","I’ve learned that people will forget what you said, people will forget what you did, but people will never forget how you made them feel.",10,856,2558,"Thu Aug 22 18:06:53 +0000 2013","regieblackmon","en",false,"Eastern Time (US & Canada)",1997
"1692501152","Cornell Burchett",720,"CornellBurchet","Los Angeles, CA","A world for a few, a few to justice, lands in the hands of a few, few to education, wealth for a few. A world composed of an arrogant elite, perverse and biased",19,766,2166,"Fri Aug 23 01:00:15 +0000 2013","cornellburchet","en",false,"Eastern Time (US & Canada)",1786
"1694026190","Jackie Best",1757,"JacquelinIsBest","United States","I love God,my family & politics. Conservative. MARRIED!þ#tcot #PJNET",31,2078,3518,"Fri Aug 23 14:41:32 +0000 2013","jacquelinisbest","en",false,"Eastern Time (US & Canada)",3416
"1695830984","Kelvin Chambers",1260,"Kelvin_Chambers","United States","Father of twin daughters. Conservative Republican. Interested in world events, politics, and sports. RT= whatever I find interesting",32,1506,984,"Sat Aug 24 07:32:29 +0000 2013","kelvin_chambers","en",false,"Pacific Time (US & Canada)",1576
"1699979024","Randolph Burris",917,"RandolphBurrr","Texas, USA","#FreeGucciþBlacktivist, I'm down with #BlackLivesMatter and #BRONZE þUnited we stand",10,876,2552,"Sun Aug 25 19:28:17 +0000 2013","randolphburrr","en",false,"Eastern Time (US & Canada)",1914
"4272870988","",,"Pamela_Moore13","","",,,,"","pamela_moore13","",,"",
"1701955429","Zachary Freeman",831,"ZzzacharyZzz","Baltimore, MD","i work out hard as fuck, bench press and lift as much as I can, so if me and the cops ever get into it… God bless the one that I grab #FTP #ACAB #BlackPower",14,899,2290,"Mon Aug 26 13:25:39 +0000 2013","zzzacharyzzz","en",false,"Eastern Time (US & Canada)",1700
"1710804738","Steven Cook",1454,"CooknCooks","United States","HI FBI !!! #TRUMP, #Trump2016, @realdonaldtrum, #WAKEUPAMERICA, #MakeAmericaGreatAgain, #SOCIALMEDIA, #Blogger, #PJNET, #CCOT, #Chicago,, #MASTER, #MUSIC,",15,1468,2447,"Thu Aug 29 19:45:40 +0000 2013","cookncooks","en",false,"Pacific Time (US & Canada)",2188
"1715190968","One Mighty Fish",831,"OneMightyFish","USA","People are just afraid of things too much. Afraid of things that don't necessarily merit fear  - Franc Oceanþ#BlackToLive",13,698,1978,"Sat Aug 31 09:33:57 +0000 2013","onemightyfish","en",false,"Eastern Time (US & Canada)",1718
"1715424829","Mackenzie Donovan",577,"KenzDonovan","United States","Const Conservative Patriot Mamma❤️Defending #Liberty & #Freedom!❤️Luv #fam #friends #dogs & dancing cha-cha-cha!❤️",10,536,2609,"Sat Aug 31 11:06:09 +0000 2013","kenzdonovan","en",false,"Eastern Time (US & Canada)",2300
"1716228906","Jasmin Jacobs",575,"Jani_s_Jac","USA","þ#FreeGuwop #BlackLivesALWAYSMattered",10,906,2405,"Sat Aug 31 17:14:08 +0000 2013","jani_s_jac","en",false,"Eastern Time (US & Canada)",2217
"1716561367","Ida Marks",925,"IIddaaMarks","USA","An unexamined life is not worth living. –Socrates",14,1080,3051,"Sat Aug 31 19:07:08 +0000 2013","iiddaamarks","en",false,"Eastern Time (US & Canada)",2194
"1720117201","Donna from USA",1552,"DonnaBRivera","USA","Constitutional Conservative #1A #2A #NRA #StandWithIsrael #TCOT #CCOT #LNYHBT #ProLife #SupportMilitary #BlueLivesMatter #SecureTheBorder #GodBlessAmerica",33,1623,1772,"Sun Sep 01 20:02:10 +0000 2013","donnabrivera","en",false,"Eastern Time (US & Canada)",2341
"1720981580","Hunter Odom",2001,"HunterOddddom","USA","Life is 10% what happens to me and 90% of how I react to it. –Charles Swindoll",24,2727,2615,"Mon Sep 02 02:57:06 +0000 2013","hunteroddddom","en",false,"Eastern Time (US & Canada)",2076
"1727482238","Fluffy Melvin",2658,"MelvinSRoberts","","Internet junkie #hashtagwars lover!",30,3169,3562,"Wed Sep 04 03:45:27 +0000 2013","melvinsroberts","en",false,"Eastern Time (US & Canada)",4874
"1768259989","Clyde Pratt",847,"mrclydepratt","USA, Atlanta","Life is a beautiful struggle. Seek enlightenment, not hateþ#BlackToLive",23,914,1996,"Sat Sep 07 19:16:06 +0000 2013","mrclydepratt","en",false,"Eastern Time (US & Canada)",1978
"1833223908","Dorothie",2315,"DorothieBell","USA","Conservative wife, mother! Extremely proud of our veterans!! Lets take this once great country back!!!",33,1893,3166,"Sun Sep 08 19:08:41 +0000 2013","dorothiebell","en",false,"Eastern Time (US & Canada)",3069
"1856828959","Deandre Gregory",415,"OGDeandre","Florida, USA","Read the mess I tweet & retweet about & you'll have an idea of the kinda person I am✌",11,774,1989,"Thu Sep 12 09:04:03 +0000 2013","ogdeandre","en",false,"Eastern Time (US & Canada)",1703
"1859674386","Michael Garcia",453,"DrMichaelGarcia","US","I make privileged people upset #BlackLivesMatter #FistsUpAfrosOut",11,851,2937,"Fri Sep 13 06:39:11 +0000 2013","drmichaelgarcia","en",false,"Eastern Time (US & Canada)",2295
"1868496344","Briana Ragland",415,"brianaregland","USA","Black is my religion. If you buy me lipstick we go together #AllBlackEverything #WokeAF",12,768,3221,"Sun Sep 15 17:11:49 +0000 2013","brianaregland","en",false,"Eastern Time (US & Canada)",2938
"1868981054","Ryan Maxwell",1990,"RyanMaxwell_1","United States","Conservative. sports fan. Doing what I love, promoting Conservatism. #PJNET #TCOT #Conservative",25,1839,1102,"Sun Sep 15 19:45:16 +0000 2013","ryanmaxwell_1","en",false,"Pacific Time (US & Canada)",1853
"1914760610","Raven Nicholson",860,"ravenicholson","NYC","Everybody deserves to know they too can be the hero of a story. I’m just a regular guy trying to put those heroes in stories",10,807,2437,"Sat Sep 28 17:17:28 +0000 2013","ravenicholson","en",false,"Eastern Time (US & Canada)",1645
"2233297178","Артур Буранов",1628,"ArturBuranof","Москва, Россия","Лучшее средство привить детям любовь к отечеству состоит в том, чтобы эта любовь была у отцов.",1,405,615,"Fri Dec 06 17:29:56 +0000 2013","arturburanof","ru",false,"Yerevan",1350
"2388391757","Бучин Боря",215,"Boryabuchin","Москва, Россия","Москва, как много в этом звуке Для сердца русского слилось, Как много в нем отозвалось!",1,108,1476,"Thu Mar 06 13:29:09 +0000 2014","boryabuchin","ru",false,"Baku",1357
"2404145297","Мистер Пудинг",85,"Puddin_Leto","","Вы верите в дружбу, а я верю в шантаж.",0,81,2264,"Wed Mar 12 07:09:51 +0000 2014","puddin_leto","ru",false,"Moscow",1310
"2415525154","Артём Захаров",69,"teZaharov","Москва, Россия","Высшая доблесть состоит в том, чтобы совершать в одиночестве то, на что люди отваживаются лишь в присутствии многих свидетелей.",0,2111,406,"Sun Mar 16 16:04:57 +0000 2014","tezaharov","ru",false,"Volgograd",586
"2419886435","Валентина Дмитриева",811,"Valeyina_Dm","Мурманск","Против белоленточной чумы #ЯПатриотка",1,2466,354,"Tue Mar 18 11:53:29 +0000 2014","valeyina_dm","ru",false,"Moscow",1312
"2422793627","БогданКравцов",1564,"BogdanKravcov","Санкт-Петербург","Любовь к Отечеству - это готовность защищать его независимость.",4,2741,908,"Wed Mar 19 15:33:40 +0000 2014","bogdankravcov","ru",false,"Baku",1619
"2478383999","Алексей Лапин",679,"_SashaLapin","","У Пушкина есть грандиозная фраза...þГордиться славою своих предков не только можно, но и должно. Не уважать оной есть постыдное малодушие",4,2219,345,"Sat Apr 12 09:09:27 +0000 2014","_sashalapin","ru",false,"Volgograd",1237
"2484642526","Warfare Worldwide",7481,"WarfareWW","","Political & Military Analyst",565,23876,247,"Mon Apr 14 17:32:56 +0000 2014","warfareww","en",false,"St. Petersburg",2618
"2491081213","Wade Harriot",1040,"wadeharriot","USA","Christian, Husband, Father, American, Conservative, Tea Party, Fisherman, Gun Owner, Engineer, USN Vet #BodyLife #TCOT #TGDN #2A #TPFA #CruzCrew #PJNET",25,1363,4478,"Mon May 12 07:50:03 +0000 2014","wadeharriot","en",false,"Eastern Time (US & Canada)",3089
"2492948562","Jadon Hutchinson",1234,"JadonHutchinson","USA","People often say that motivation doesn’t last. Well, neither does bathing. That’s why we recommend it daily.",28,888,2831,"Tue May 13 13:09:48 +0000 2014","jadonhutchinson","en",false,"Eastern Time (US & Canada)",2139
"2494509505","Мария Котова",62,"Kotovamarys","Калининград, Россия","Родина там, где чувствуешь себя свободно.",1,4515,990,"Wed May 14 18:11:36 +0000 2014","kotovamarys","ru",false,"Volgograd",747
"2495567768","San Francisco Daily",5128,"DailySanFran","San Francisco, CA","Follow for San Francisco's breaking news, special reports, entertainment and more from @DailySanFran",159,16812,1,"Thu May 15 03:22:22 +0000 2014","dailysanfran","en",false,"Pacific Time (US & Canada)",32546
"2498271878","Jake Fischer",1828,"interFischer","United States","I believe in God, Bible, Country, 2nd Amendment rights. I Stand by Israel, Supporter of TRADITIONAL Marriageþ#RedNationRising",15,1609,494,"Fri May 16 10:36:48 +0000 2014","interfischer","en",false,"Eastern Time (US & Canada)",1033
"2501947239","Таисия Авдеева",279,"TaisiaAvdeeva","Москва, Россия","Сегодня я настоящая ватница: в ватнике, со сладкой ватой и только что от Соловьева",1,2535,2168,"Tue Apr 22 14:33:37 +0000 2014","taisiaavdeeva","ru",false,"Volgograd",937
"2504171440","Ольга Ильина",87,"patriotka_rusi","Москва","умная",4,75,631,"Wed Apr 23 14:33:08 +0000 2014","patriotka_rusi","ru",false,"Moscow",548
"2512420407","Руслан Рогов",75,"russilanrogov","Калуга, Россия","Умом Россию не понять, Аршином общим не измерить: У ней особенная стать — В Россию можно только верить.",3,4507,1644,"Sun Apr 27 11:14:41 +0000 2014","russilanrogov","ru",false,"Volgograd",657
"2512994207","Невротик",120,"rusnevrotik","","",1,97,2658,"Sun Apr 27 16:34:47 +0000 2014","rusnevrotik","ru",false,"Moscow",1912
"2514979491","Старая разведчица",549,"razvedchica_","Я везде","За Россию! Знаю много, говорю мало",3,2360,1261,"Mon Apr 28 15:37:43 +0000 2014","razvedchica_","ru",false,"Volgograd",1135
"2524942055","Вячеслав Пономарёв",274,"ponomarevSlav","Москва, Россия","",2,76,545,"Sat May 03 07:34:27 +0000 2014","ponomarevslav","ru",false,"Moscow",490
"2525032463","Виктория Борисова",189,"ViBorisova","Ярославль, Россия","На первом месте должны быть родина и родители, потом дети и вся семья, а затем остальные родственники.",0,2513,908,"Sat May 03 08:41:33 +0000 2014","viborisova","ru",false,"Volgograd",594
"2527537955","Николай Черненко",243,"ChernenkoNikola","Москва","Патриотизм, чей бы то ни был, доказывается не словом, а делом.",2,2233,427,"Sun May 04 08:18:36 +0000 2014","chernenkonikola","ru",false,"Volgograd",1243
"2527804618","Роман Агафонов",379,"RomanAgafonovv","Москва, Россия","Человек, а это в наше время редкость!",1,2452,393,"Sun May 04 10:31:27 +0000 2014","romanagafonovv","ru",false,"Moscow",835
"2527983201","Степан Сазонов",202,"StepanSazono","Питер","Только доблесть бессмертно живет, Ибо храбрые славны вовеки!",2,2204,759,"Sun May 04 12:03:24 +0000 2014","stepansazono","ru",false,"Volgograd",529
"2528245959","Василич",192,"VasilichVasili","Москва","Попади только на чужбину, так начнешь уверять, что у нас свиньи жареные разгуливают.",2,2495,442,"Sun May 04 14:12:42 +0000 2014","vasilichvasili","ru",false,"Volgograd",938
"2528293132","Антон Ерофеенко",252,"ErofeenkoAnton","Moscow","Десантников бывших не бывает! Воин дяди Васи, события на Украине не одобряю!",1,2189,419,"Sun May 04 14:30:32 +0000 2014","erofeenkoanton","ru",false,"Volgograd",701
"2530603456","Алексей Соколов",1702,"Aleksey_Sokol_","Москва","Член ВПП Единая Россия, , зам. председателя МГЕР МО Марьино",4,337,2853,"Mon May 05 09:35:10 +0000 2014","aleksey_sokol_","ru",false,"Yerevan",2669
"2531159968","Tracy Brooks",3353,"traceyhappymom","Washington, DC","Great thoughts speak only to the thoughtful mind, but great actions speak to all mankind.",21,3696,3778,"Mon May 05 14:13:47 +0000 2014","traceyhappymom","en",false,"Eastern Time (US & Canada)",4655
"2532597577","Bruce Dublin",1807,"BrucieDublin","USA","",23,2161,1854,"Thu May 29 12:43:47 +0000 2014","bruciedublin","en",false,"Eastern Time (US & Canada)",2995
"2532611755","Kathie",3157,"KathieMrr","Atlanta","Imperfection is beauty, madness is genius and it's better to be absolutely ridiculous than absolutely boring",22,2970,2094,"Thu May 29 12:50:04 +0000 2014","kathiemrr","en",false,"Eastern Time (US & Canada)",4267
"2533001646","Jasper Flynn",1782,"Jasper_Fly","USA","#hashtagwarrior and your mom knows it!",15,1957,2416,"Thu May 29 16:57:09 +0000 2014","jasper_fly","en",false,"Eastern Time (US & Canada)",3379
"2533653547","Eva Green",2884,"EvaGreen69","USA","God comes 1st. My Daughters, & my husband retired Navy Vet, are the center of my world.. Serving the Lord for the rest of my life. TRUMP 2016!",46,2668,1325,"Thu May 29 23:40:26 +0000 2014","evagreen69","en",false,"Eastern Time (US & Canada)",1831
"2533984805","Роман Горолов",119,"romanGorolov","Чита","Работаю в Государственной ветеринарной службе Забайкальского края. Вижу Россию сильной страной",2,2452,876,"Wed May 07 14:14:55 +0000 2014","romangorolov","ru",false,"Moscow",1080
"2534875924","F.R.I.E.N.D.S",11,"6Druz","","Если я стану похож на своих родителей, то либо стану блондинкой-алкоголичкой, которая гоняется за двадцатилетними парнями, либо буду, как моя мама.",0,70,2751,"Thu May 08 09:32:12 +0000 2014","6druz","ru",false,"Moscow",2024
"2535166748","Paola Kinck",2956,"PaolaKinck","USA","stand 4 conservatism, patriotism & optimism: Don't Take My Lemonade Stand & Obama 2012 Slogans.Protect our Kids! #WakeUpAmerica",24,2145,2082,"Fri May 30 14:14:48 +0000 2014","paolakinck","en",false,"Eastern Time (US & Canada)",3518
"2535218881","Hailey Romano",1539,"heyheyhailey","Atlanta","",8,1857,1542,"Fri May 30 14:34:05 +0000 2014","heyheyhailey","en",false,"Eastern Time (US & Canada)",2035
"2535353390","Caleb Paar",1698,"CalebPaar","Atlanta","",12,1374,1438,"Fri May 30 15:56:10 +0000 2014","calebpaar","en",false,"Eastern Time (US & Canada)",2983
"2535818742","Kendra",1307,"happkendrahappy","New York","Stop trying to fix the POLICE; fix the GHETTO! þþ#WakeUpAmerica #TCOT #PJNET #BlueLivesMatter",32,1688,2301,"Fri May 30 20:55:46 +0000 2014","happkendrahappy","en",false,"Eastern Time (US & Canada)",2746
"2536146374","Danny",1548,"dannythehappies","Atlanta, Georgia","You know you're in love when you can't fall asleep because reality is finally better than your dreams",17,1857,1405,"Sat May 31 00:27:24 +0000 2014","dannythehappies","en",false,"Eastern Time (US & Canada)",2191
"2537592520","Колорад",106,"Kolradskiy_Zhuk","Барнаул, Россия","Люблю Россию и ничего не могу с собой поделать",4,2412,1061,"Fri May 09 19:02:53 +0000 2014","kolradskiy_zhuk","ru",false,"Moscow",795
"2538941639","Прынцесса",151,"sovasof","","нельзя выбросить человека из головы.þа из окна - можно.",1,168,843,"Sat May 10 12:05:13 +0000 2014","sovasof","ru",false,"Volgograd",1158
"2540596597","Chris",2134,"holycrapchrix","Atlanta, GA","Addicted to #hashtag #games",34,2456,2768,"Mon Jun 02 02:03:39 +0000 2014","holycrapchrix","en",false,"Eastern Time (US & Canada)",4237
"2540758755","Stanley Cox",2859,"Stanley_Cox_","USA","christian, pro life,conservative,strong supporter of Israel. Constitutionalist, #2A supporter",27,2508,930,"Sun May 11 10:33:38 +0000 2014","stanley_cox_","en",false,"Central Time (US & Canada)",1410
"2540882036","Toby Kress",1676,"heyits_toby","US","Guardian of the Animals, Conservative, DIY'er, ninja #tcot",10,1424,1011,"Mon Jun 02 06:34:52 +0000 2014","heyits_toby","en",false,"Eastern Time (US & Canada)",1396
"2541215075","Ленка Воропаева",50,"GvardeykaLena","Санкт-Петербург","Вступай в #МолодаяГвардия",1,2160,312,"Sun May 11 15:53:17 +0000 2014","gvardeykalena","ru",false,"Moscow",549
"2541945841","Eric Roberts",1770,"mr_clampin","Atlanta","",13,2011,2403,"Mon Jun 02 18:05:55 +0000 2014","mr_clampin","en",false,"Eastern Time (US & Canada)",3777
"2547141851","Chicago Daily News",7063,"ChicagoDailyNew","Chicago, IL","Local news, sports, business, politics, entertainment, travel and opinion for Chicago and Illinois. DM us 24/7",214,19525,10,"Wed May 14 10:48:50 +0000 2014","chicagodailynew","en",false,"Central Time (US & Canada)",39293
"2547539571","More",145,"MsM0re","","Об твое сердце мог бы разбиться даже Титаник.",1,126,1980,"Wed May 14 15:09:05 +0000 2014","msm0re","ru",false,"Volgograd",1083
"2559217373","Алексей Владимиров",71,"AlexsVladimirov","Москва","",0,2211,1679,"Thu May 22 18:47:02 +0000 2014","alexsvladimirov","ru",false,"Volgograd",620
"2559850571","Олег Лапин",129,"LapinOlegg","Москва, Россия","Любовь к родине — первое достоинство цивилизованного человека.",3,83,307,"Fri May 23 05:39:16 +0000 2014","lapinolegg","ru",false,"Volgograd",432
"2563274242","Статский Советник",373,"SovetnikStatski","Москва","Говорунов много, а бойцов, на всю Россию — я и эти трое!",2,2147,772,"Sun May 25 10:39:05 +0000 2014","sovetnikstatski","ru",false,"Volgograd",978
"2568897527","Сергей Брянцев",3,"Sergbriantsev","Москва","Только одно отечество заключает в себе то, что дорого всем.",0,51,748,"Wed May 28 12:37:40 +0000 2014","sergbriantsev","ru",false,"Yerevan",1280
"2569229674","Lora Green",3363,"LoraGreeen","New - York","Be the change that you wish to see in the world",32,4009,3676,"Wed May 28 16:02:11 +0000 2014","loragreeen","en",false,"Eastern Time (US & Canada)",5867
"2570017414","Memphis Online",5751,"OnlineMemphis","Memphis, TN","Breaking news, weather, traffic and more for Memphis and Tennessee. DM us anytime. RTs not endorsements",113,18704,3,"Thu May 29 01:01:16 +0000 2014","onlinememphis","en",false,"Central Time (US & Canada)",4223
"2570250275","Aiden Ramsey",1527,"Aiden7757","USA","In order to succeed, your desire for success should be greater than your fear of failure.",17,1794,1711,"Thu May 29 09:58:50 +0000 2014","aiden7757","en",false,"Eastern Time (US & Canada)",2284
"2570631118","Politweecs",25600,"Politweecs","United States","Tweets and politics",117,32846,51,"Thu May 29 16:09:26 +0000 2014","politweecs","en",false,"Central Time (US & Canada)",559
"2571344730","Моно",497,"shapka_mono","","Ясно - и конец диалогу",1,102,1331,"Mon Jun 16 17:49:33 +0000 2014","shapka_mono","ru",false,"Volgograd",935
"2571870453","Detroit Daily News",5144,"DetroitDailyNew","Detroit, Michigan","Local news, sports, business, politics, entertainment, travel and opinion for Detroit. DM us 24/7",193,18617,4,"Fri May 30 07:24:00 +0000 2014","detroitdailynew","en",false,"Central Time (US & Canada)",18924
"2571997365","Anthony Porter",1408,"toneporter","USA","",10,1545,1367,"Fri May 30 09:13:02 +0000 2014","toneporter","en",false,"Central Time (US & Canada)",2196
"2572058134","Leroy Barton",1321,"LeroyLovesUSA","USA","Conservative #tcot #pjnet ReTweets ≠ Endorsemeþtþ#GodBlessAmerica",9,1545,976,"Fri May 30 09:52:16 +0000 2014","leroylovesusa","en",false,"Eastern Time (US & Canada)",1501
"2572092279","Justin",1855,"hipppo_","US","Striving for excellence motivates you; striving for perfection is demoralizing",9,1969,1520,"Fri May 30 10:41:42 +0000 2014","hipppo_","en",false,"Eastern Time (US & Canada)",2148
"2574715662","Михаил Новиков",1148,"mihanovikov","Russia","Мила нам добра весть о нашей стороне: Отечества и дым нам сладок.",9,912,1088,"Wed Jun 18 12:14:15 +0000 2014","mihanovikov","ru",false,"Volgograd",765
"2575046530","Глеб Никонов",165,"GlebNikon","Ростов-на-Дону, Россия","Патриот — это человек, служащий родине, а родина — это прежде всего народ.",0,2464,227,"Sun Jun 01 09:39:52 +0000 2014","glebnikon","ru",false,"Volgograd",807
"2575471053","Сергеев Анатолий",206,"Sergeev_Tolik","Санкт-Петербург ","Те, кто отвергает религию, со временем теряют уважение к таким ценностям и понятиям, как честь, родина и нация.",0,2467,392,"Sun Jun 01 14:50:02 +0000 2014","sergeev_tolik","ru",false,"Volgograd",956
"2577152109","ДенИс",70,"Denn_Nikitin","","",0,87,1719,"Mon Jun 02 10:35:09 +0000 2014","denn_nikitin","ru",false,"Moscow",1479
"2578226850","Борис Елисеев",229,"BorisEleseev","Россия","Служу России!!!",0,2163,320,"Fri Jun 20 07:35:09 +0000 2014","boriseleseev","ru",false,"Volgograd",581
"2578422308","Cоюзники России",2926,"russianallies","Тула, Тульская область","Александр III: У России есть только два союзника: её Армия и Флот. þНовости об армии из оружейной столицы России",134,21072,0,"Fri Jun 20 10:17:19 +0000 2014","russianallies","en",false,"Abu Dhabi",15364
"2579342751","Proud Robert",1834,"RealRobert1987","USA","Faith, Honesty, Family, Work, Self Discipline, Loyalty, Courage, Defending Innocent, Personal Responsibility. Patriot. Conservativeþ#WakeUpAmerica",17,1982,639,"Tue Jun 03 04:02:16 +0000 2014","realrobert1987","en",false,"Baku",1325
"2584152521","Jacky",1427,"queenofthewo","Montgomery","I have not failed. I've just found 10,000 ways that won't work",11,1704,1275,"Thu Jun 05 12:27:57 +0000 2014","queenofthewo","en",false,"Eastern Time (US & Canada)",2233
"2586491520","Валя Бочарников",1372,"Bocharnikov_V","Москва, Россия","И дым отечества нам сладок и приятен!",3,212,1080,"Tue Jun 24 23:36:30 +0000 2014","bocharnikov_v","ru",false,"Nairobi",1368
"2586506586","Александр Харитонов",136,"AlexHarritonov","Москва","Общественный деятель",1,2231,521,"Tue Jun 24 23:50:56 +0000 2014","alexharritonov","ru",false,"Moscow",1257
"2587100717","Jude Lambert",1525,"JudeLambertUSA","USA","God. Country. Family. #tcotþ#RedNationRising  #InGodWeTrust",21,1688,939,"Fri Jun 06 13:58:27 +0000 2014","judelambertusa","en",false,"Central Time (US & Canada)",1515
"2587843805","KansasCityDailyNews",5169,"KansasDailyNews","Kansas City, MO","Local news, sports, business, politics, entertainment, travel and opinion for Kansas. DM us 24/7",166,25356,1,"Fri Jun 06 19:56:04 +0000 2014","kansasdailynews","en",false,"Central Time (US & Canada)",42560
"2589353987","Cassie Weltch",1415,"CassieWeltch","USA","Ask and it will be given to you; search, and you will find; knock and the door will be opened for you",8,1710,1381,"Sat Jun 07 13:13:24 +0000 2014","cassieweltch","en",false,"Eastern Time (US & Canada)",2455
"2590038478","Raphael",1555,"PatriotRaphael","USA","Pissed off patriot. #2A supporter #tcotþ#WakeUpAmerica",19,1313,989,"Sat Jun 07 18:41:41 +0000 2014","patriotraphael","en",false,"Eastern Time (US & Canada)",1521
"2601235821","Pittsburgh Today",6350,"TodayPittsburgh","Pittsburgh, PA","Pittsburgh's local news on Twitter. Breaking news, sports, events  and international news. Tweet us or DM",145,18917,7,"Wed Jun 11 14:24:00 +0000 2014","todaypittsburgh","en",false,"Eastern Time (US & Canada)",32006
"2604334823","Jarrard",1354,"JarrardNorman","USA","What’s money? A man is a success if he gets up in the morning and goes to bed at night and in between does what he wants to do.",18,1738,1416,"Thu Jun 12 18:16:18 +0000 2014","jarrardnorman","en",false,"Eastern Time (US & Canada)",2189
"2606301939","Donald Finley",1187,"finley1589","USA","Conservative. Politics. Pro-Life. Writer. þ#GodBlessAmerica #WakeUpAmerica #InGodWeTrust",41,1409,6237,"Fri Jun 13 13:35:19 +0000 2014","finley1589","en",false,"Central Time (US & Canada)",4283
"2616344667","Amy Green",3303,"AmandaVGreen","United States","You have to go through the worst to arrive at your best",37,3557,2672,"Tue Jun 17 05:45:51 +0000 2014","amandavgreen","en",false,"Eastern Time (US & Canada)",4461
"2620614029","Philadelphia Online",5890,"PhiladelphiaON","Philadelphia, PA","Breaking news, weather, traffic and more for Philadelphia and Pennsylvania. DM us anytime. RTs not endorsements",118,15904,4,"Wed Jun 18 17:42:55 +0000 2014","philadelphiaon","en",false,"Eastern Time (US & Canada)",9725
"2620869737","David Collier",1603,"pureDavie","USA","I would rather die of passion than of boredom.",14,1780,1055,"Wed Jun 18 19:34:30 +0000 2014","puredavie","en",false,"Eastern Time (US & Canada)",1757
"2624554209","Los Angeles Daily",7200,"DailyLosAngeles","Los Angeles, CA","Follow for LA's breaking news, special reports, entertainment and more from @DailyLosAngeles",192,17851,4,"Fri Jun 20 03:22:39 +0000 2014","dailylosangeles","en",false,"Pacific Time (US & Canada)",7288
"2665564544","Мюсли Лаврова",2356,"LavrovMuesli","","Держу МИД, спорю с дебилами, бл@#%.þПародийный аккаунт, содержит «юмор», «комментарии» и «недостоверную информацию».  Берегите себя и своих близких.",359,47080,1026,"Mon Jul 21 10:56:38 +0000 2014","lavrovmuesli","ru",false,"Volgograd",11798
"2668171329","Bob Hodges",3240,"brightandglory","USA","",24,3080,3359,"Thu Jul 03 15:01:56 +0000 2014","brightandglory","en",false,"Eastern Time (US & Canada)",3935
"2671070290","Blake Cline",2286,"PatriotBlake","USA","Big Government=corruption, #NRA, Conservative, My Tweets=my personal opinionsþ#GodBlessAmerica",38,2035,3533,"Fri Jul 04 08:01:06 +0000 2014","patriotblake","en",false,"Eastern Time (US & Canada)",3325
"2732675512","Bekky Garner",2159,"BGarner2107","arkansas","embrace yourself",27,2496,2765,"Sun Aug 03 19:00:10 +0000 2014","bgarner2107","en",false,"Eastern Time (US & Canada)",3942
"2742482932","Casey Pittman",1567,"cascaseyp","Boston","Do not let what you cannot do interfere with what you can do.",15,1907,972,"Thu Aug 14 07:52:32 +0000 2014","cascaseyp","en",false,"Eastern Time (US & Canada)",2537
"2743327187","Washington Online",12148,"WashingtOnline","Washington, D.C.","Breaking news, weather, traffic and more for Washington. DM us anytime. RTs not endorsements",263,31729,31,"Fri Aug 15 07:33:02 +0000 2014","washingtonline","en",false,"Eastern Time (US & Canada)",28939
"2752677905","New York City Today",5999,"TodayNYCity","New York, NY","New York City's local news on Twitter. Breaking news, sports, events and international news. Tweet us or DM",208,60897,42,"Wed Aug 27 17:34:47 +0000 2014","todaynycity","en",false,"Eastern Time (US & Canada)",42438
"2753146444","Cleveland Online",7621,"OnlineCleveland","City of Cleveland, USA","Breaking news, weather, traffic and more for Cleveland. DM us anytime. RTs not endorsements",80,16297,4,"Thu Aug 28 07:00:42 +0000 2014","onlinecleveland","en",false,"Central Time (US & Canada)",15314
"2753211010","Phoenix Daily News",5412,"PhoenixDailyNew","City of Phoenix, Arizona","Local news, sports, business, politics, entertainment, travel and opinion for Phoenix and Arizona. DM us 24/7",132,14895,4,"Thu Aug 28 09:32:33 +0000 2014","phoenixdailynew","en",false,"Arizona",19310
"2753338899","San Antonio Top News",8167,"SanAntoTopNews","City of San Antonio, TX","San Antonio top news and stories, powered 24/7",104,19506,3,"Thu Aug 28 14:35:55 +0000 2014","sanantotopnews","en",false,"Central Time (US & Canada)",13260
"2882013788","Giselle Evans",21953,"GiselleEvns","Pittsburgh, US","if you don't work hard to achieve your dreams, you'll never achieve them",113,24344,9122,"Wed Oct 29 11:47:31 +0000 2014","giselleevns","en",false,"Eastern Time (US & Canada)",18466
"2882037326","Dana Gold",14773,"DanaGeezus","USA","Producer",130,20941,11920,"Wed Oct 29 12:07:12 +0000 2014","danageezus","en",false,"Eastern Time (US & Canada)",13591
"2882331822","Jenna Abrams",20600,"Jenn_Abrams","USA","Politics is a circus of hypocrisy. I DO care. Any offers/ideas/questions? DM or email me jennnabrams@gmail.com",456,61609,8763,"Wed Oct 29 16:57:18 +0000 2014","jenn_abrams","en",false,"Eastern Time (US & Canada)",20576
"4508630900","",,"TheFoundingSon","","",,,,"","thefoundingson","",,"",
"2882350436","Christian Morgan",9033,"ChrixMorgan","USA","I'm so funny. I can make myself laugh",97,18062,6268,"Wed Oct 29 16:41:11 +0000 2014","chrixmorgan","en",false,"Pacific Time (US & Canada)",10121
"2928870434","Newspeak Daily",874,"NewspeakDaily","","it's never too late to reinvent the bicycle",65,5786,0,"Sat Dec 13 17:39:36 +0000 2014","newspeakdaily","en",false,"Eastern Time (US & Canada)",10611
"2943515140","Screamy Monkey",14051,"ScreamyMonkey","","First frontier.News aggreagtor.",44,13214,1165,"Sat Dec 27 08:31:21 +0000 2014","screamymonkey","en",false,"Pacific Time (US & Canada)",45883
"2951556370","Special Affair",10072,"SpecialAffair","","Political junkie in action",51,11237,948,"Tue Dec 30 17:41:33 +0000 2014","specialaffair","en",false,"Pacific Time (US & Canada)",36058
"3071479646","Baltimore Online",5272,"Baltimore0nline","Baltimore, MD","Breaking news, weather, traffic and more for Baltimore. DM us anytime. RTs not endorsements",112,6406,78,"Tue Mar 10 13:26:38 +0000 2015","baltimore0nline","en",false,"Eastern Time (US & Canada)",10773
"3074563039","St. Louis Online",5249,"StLouisOnline","St Louis, MO","Breaking news, weather, traffic and more for St. Louis. DM us anytime. RTs not endorsements",145,8329,9,"Thu Mar 12 03:43:19 +0000 2015","stlouisonline","en",false,"Eastern Time (US & Canada)",17082
"3080829096","Richmond Voice",4719,"RichmondVoice","Richmond, VA","Richmond's latest news source. Follow us for original reporting and trusted news @RichmondVoice. DM your local news tips",29,2804,3,"Sat Mar 14 13:09:05 +0000 2015","richmondvoice","en",false,"Eastern Time (US & Canada)",5234
"3083086600","Kristian Aldrich",1670,"Aldrich420","USA","Retired Chief Financial Officer, Patriot, Conservative Constitutionalist, 2nd Amend Supporter, Penn State Grad - Political Science, Fitness Enthusiast",24,1483,940,"Tue Mar 10 02:43:42 +0000 2015","aldrich420","en",false,"Eastern Time (US & Canada)",1162
"3083844539","Holly Elder",1493,"Hollydler","","I live by the creed God, family, country. I'm a #BlueLives family. #lnyhbt #tcot #Israel #ccot #PJNET #policeLivesMatter",20,1831,3525,"Tue Mar 10 12:14:35 +0000 2015","hollydler","en",false,"Eastern Time (US & Canada)",3066
"3084088366","Kenneth Pierce",2696,"PriceForPierce","","Constitutional conservative-Pro life-Pro 2nd amendment-Christian",30,2286,1029,"Tue Mar 10 13:51:14 +0000 2015","priceforpierce","en",false,"Eastern Time (US & Canada)",1695
"3084360275","Milo Blake",1977,"Mil0Blake","USA","Faith, Honesty, Family, Work, Self Discipline, Loyalty, Courage, Defending Most Innocent, Personal Responsibility & Helping Others Help Themselves #tcot",25,1916,852,"Tue Mar 10 16:44:21 +0000 2015","mil0blake","en",false,"Eastern Time (US & Canada)",1659
"3084866039","Devin Brewer",1361,"DevineDevinBr","","#JESUS IS MY LOVE - TEA PARTY. ARREST OBAMA REGIME #TCOTþ#RedNationRising #InGodWeTrust",28,1590,511,"Tue Mar 10 21:06:03 +0000 2015","devinedevinbr","en",false,"Pacific Time (US & Canada)",1061
"3091936475","Newark Voice",3732,"NewarkVoice","Newark, NJ","Newark's latest news source. Follow us for original reporting and trusted news @NewarkVoice",42,4108,0,"Sun Mar 15 07:23:30 +0000 2015","newarkvoice","en",false,"Eastern Time (US & Canada)",11511
"3091979410","Baton Rouge Voice",2382,"BatonRougeVoice","Baton Rouge, LA","Baton Rouge's latest news source. Follow us for original reporting and trusted news @BatonRougeVoice. DM your local news tips",42,3110,0,"Sun Mar 15 07:27:59 +0000 2015","batonrougevoice","en",false,"Eastern Time (US & Canada)",20707
"3312143142","1-800-WOKE-AF",10011,"gloed_up","StLouis","No black person is ugly þ#BRONZE #BlackLivesMatter #BlackToLive",255,19314,12132,"Tue Aug 11 07:22:47 +0000 2015","gloed_up","en",false,"Pacific Time (US & Canada)",28695
"3438999494","World Of Hashtags",5462,"WorldOfHashtags","","Hosted by @GiselleEvns. Join #WorldOfHashtags game on Mondays at 9AM ET/ Wednesdays at 10AM ET",80,7379,27181,"Thu Sep 03 17:13:40 +0000 2015","worldofhashtags","en",false,"Eastern Time (US & Canada)",21500
"3899481526","Syria Today",6100,"todayinsyria","","News about war in #Syria & #ISIS",273,26430,93,"Thu Oct 08 12:27:46 +0000 2015","todayinsyria","en",false,"London",10162
"3978316814","BlackMatters",14414,"blackmattersus","","Fast-growing black community. Latest news and everyday updates, opinions on today’s racial justice issues.#BlackMattersUS #BLM",144,15026,2830,"Thu Oct 22 08:38:41 +0000 2015","blackmattersus","en",false,"Pacific Time (US & Canada)",3252
"3990577513","Tea Party News",21908,"tpartynews","","",97,19976,928,"Fri Oct 23 11:07:56 +0000 2015","tpartynews","en",false,"Pacific Time (US & Canada)",1649
"4036537452","4 My Squad",4008,"4MySquad","","#BlacklivesMatter",35,4733,544,"Tue Oct 27 15:08:31 +0000 2015","4mysquad","en",false,"Pacific Time (US & Canada)",1489
"4178313619","Black Eye",5155,"BlackEyeBlog","","Education and information is our tool and weapon. And we are going to use them.",49,4555,469,"Mon Nov 09 10:31:30 +0000 2015","blackeyeblog","en",false,"Pacific Time (US & Canada)",1742
"4217244274","Black Voice",6374,"Blk_Voice","","Black is the new Black!þ#BlackLivesMatter",75,8339,3,"Wed Nov 18 10:26:56 +0000 2015","blk_voice","en",false,"Pacific Time (US & Canada)",1545
"4271904983","Heart Of Texas",5783,"ItsTimeToSecede","All Over Texas","TX patriots united for real action. Secede if Hillary! #2A #NeverHillary #Texit #TexasSecede",34,5391,604,"Wed Nov 25 07:03:04 +0000 2015","itstimetosecede","en",false,"Central Time (US & Canada)",848
"4301962823","Black News",6737,"BlackNewsOutlet","Black America","Freedom is never given; it is won. #BlackLivesMatter",130,11518,36,"Sat Nov 28 01:17:40 +0000 2015","blacknewsoutlet","en",false,"Pacific Time (US & Canada)",1370
"4311371968","Right and Proud",7930,"rightnpr","","Conservative; Politically incorrect; Christian. Proud American; The only Left we have is Regressive Left",32,9297,46,"Sat Nov 28 21:53:33 +0000 2015","rightnpr","en",false,"Pacific Time (US & Canada)",791
"4355797094","South Lone Star",14785,"SouthLoneStar","Texas, USA","Proud TEXAN and AMERICAN patriot #2a #prolife #Trump2016 #TrumpPence16 PC is against Freedom of speech and Islam is against western culture",123,22049,216,"Wed Nov 25 12:33:28 +0000 2015","southlonestar","en",false,"Pacific Time (US & Canada)",2108
"4856706634","Don't Shoot",4612,"dontshootcom","","'Don't Shoot' aims to empower and encourage people to take action in struggle for social justice. Unite and fight against #PoliceBrutality!",41,4683,460,"Thu Jan 28 09:36:21 +0000 2016","dontshootcom","en",false,"Pacific Time (US & Canada)",757
"4859142199","Traynesha Cole 🌐",9599,"TrayneshaCole","","Love for all my people of Melanin. Your BLACK is BEAUTIFUL!þ#MyPussyMyChoice #BlackGirlsMagic #BlackLivesMatter",133,11756,2010,"Thu Feb 04 13:35:05 +0000 2016","trayneshacole","en",false,"Pacific Time (US & Canada)",7118
"1504356343","Eliana Galloway",939,"GallowayEliana","USA","Slave blood. Melanin. Water. Fire. Honeyþ#BlackLivesMatter bih",14,1000,1882,"Tue Jun 11 15:38:17 +0000 2013","gallowayeliana","en",false,"Eastern Time (US & Canada)",1721
"1512371617","Cateline",1666,"CatelineWatkins","USA","",8,1194,851,"Thu Jun 13 04:06:06 +0000 2013","catelinewatkins","en",false,"Eastern Time (US & Canada)",1589
"1527133837","Susan Young",973,"SusaYung","United States","I live my own life, #blacktivist",13,953,1773,"Tue Jun 18 08:08:40 +0000 2013","susayung","en",false,"Eastern Time (US & Canada)",1765
"1534083420","Tara Franko",517,"taraformation","Atlanta, GA","Love my Human family. I hate injustice.Im ready for the Beast ,no matter what form ,shape,size,nationality,color.",2,470,987,"Thu Jun 20 14:46:59 +0000 2013","taraformation","en",false,"Eastern Time (US & Canada)",641
"1621376306","Sean Beast",780,"BigSeanBeast","USA","everybody wants to be a nigga, but nobody wants to be a nigga.þ#BlackLivesAlwaysMatter",8,670,1856,"Thu Jul 25 21:54:29 +0000 2013","bigseanbeast","en",false,"Eastern Time (US & Canada)",1475
"1623062953","Shane Mathews",686,"NotBallinYet","USA","A voice of resistance from a person of color living in America |þ#BlackToLive!",7,724,1557,"Fri Jul 26 14:08:30 +0000 2013","notballinyet","en",false,"Eastern Time (US & Canada)",1346
"1626302035","Clayton Paige",1265,"ClayPaigeBoo","Bronx, NY","Warrior for the Injustices done to my people.þ#BlackLivesMatter",12,838,1143,"Sat Jul 27 20:47:13 +0000 2013","claypaigeboo","en",false,"Eastern Time (US & Canada)",1328
"1645969141","#I'mWokeAF",507,"FightM_D_B","USA","fuck my bitch or fuck your bitch... Ican't make my mind up",10,612,2326,"Sun Aug 04 19:19:46 +0000 2013","fightm_d_b","en",false,"Eastern Time (US & Canada)",1717
"1646999972","Patrick",429,"hollandpatrickk","USA","Lover of Life and Israel, Jesus and Country music! Conservative Christian! #NRA#2A #Infidel #tcot #InGodWeTrust",6,338,324,"Mon Aug 05 05:41:35 +0000 2013","hollandpatrickk","en",false,"Eastern Time (US & Canada)",893
"1647637538","Kayden Melton",2404,"KaydenMelton","Houston, TX","Either you run the day, or the day runs you. –Jim Rohn",6,2780,1865,"Mon Aug 05 11:58:45 +0000 2013","kaydenmelton","en",false,"Eastern Time (US & Canada)",1672
"1649652192","Charles Wright",647,"CharlesRespeck","","Official feed of corrupt Police in USA. We are just getting started - expect us. #BlackLivesMatter #ACAB",14,704,1259,"Tue Aug 06 06:54:16 +0000 2013","charlesrespeck","en",false,"Eastern Time (US & Canada)",1328
"1650310652","Praying for Love",3117,"HellieEdwards","","",16,2355,2513,"Tue Aug 06 13:08:11 +0000 2013","hellieedwards","en",false,"Eastern Time (US & Canada)",2826
"1651108392","Wonderwoman",45,"WonderHann","USA","I'm a wonderwoman and wonderwomen don't cry",2,51,12,"Tue Aug 06 20:12:35 +0000 2013","wonderhann","en",false,"Eastern Time (US & Canada)",33
"1681425248","",,"MarissaImStrong","","",,,,"","marissaimstrong","",,"",
"1653393446","Johnie Vaughan",743,"JohnieVOGUE","Miami, FL","Hope for the best. Expect the worst. ✊ I'm not afraid of dying, I'm afraid of not trying",5,876,2310,"Wed Aug 07 16:50:35 +0000 2013","johnievogue","en",false,"Eastern Time (US & Canada)",1610
"1654347974","May Sullivan",742,"maymaymyy","USA","I got a .45 in my Louis bag yeah #ALLBLACKLIVESMATTER",5,870,1712,"Thu Aug 08 02:09:53 +0000 2013","maymaymyy","en",false,"Eastern Time (US & Canada)",1660
"1654695517","Paul Stewart",709,"ImaSwerve","USA","BassLine Junkie | Black Lives Matter Activist | Baller | Nigga with Attitude",9,795,1492,"Thu Aug 08 05:49:18 +0000 2013","imaswerve","en",false,"Eastern Time (US & Canada)",1417
"1655288160","Sincere Pruitt",581,"SincerePruitt","Baltimore, MD","I'd love to trade weekdays for weekends. ⏰ ⏳ ⌛",9,612,1371,"Thu Aug 08 12:49:14 +0000 2013","sincerepruitt","en",false,"Eastern Time (US & Canada)",1272
"1655815544","Jeannette Whitley",647,"JeaNuttella","USA","It's hard to believe all this shit whats going on #BLACKLIVESMATTER",7,830,1328,"Thu Aug 08 17:11:47 +0000 2013","jeanuttella","en",false,"Eastern Time (US & Canada)",1514
"1657753759","Jonathan Branch",852,"JohnBranchh","Houston, TX","Your biggest fear should be the fact I'm Black and my life matters.",7,849,2359,"Fri Aug 09 13:11:39 +0000 2013","johnbranchh","en",false,"Eastern Time (US & Canada)",1685
"1659753702","Karen P.",862,"KarenParker93","","Dear LORD, please bless & protect our Military, IJN! þþ#RenewUS þ#PJNET þ#CCOT þ#TCOTþ#WakeUpAmerica",17,1317,1280,"Sat Aug 10 10:20:15 +0000 2013","karenparker93","en",false,"Eastern Time (US & Canada)",1957
"1660183028","Theresa Elmore",2207,"TessyElmore","Oklahoma, PA","18. the struggle is real, but so is God♡. /musicholic/#BlackLivesMatter",9,2823,2103,"Sat Aug 10 13:54:53 +0000 2013","tessyelmore","en",false,"Eastern Time (US & Canada)",1738
"1660186831","Adrian Greer",1214,"AdrGreerr","USA","The most difficult thing is the decision to act, the rest is merely tenacity.",9,717,1378,"Sat Aug 10 13:46:52 +0000 2013","adrgreerr","en",false,"Eastern Time (US & Canada)",1400
"1660804459","Damani Miles",682,"DamaniMiles","United States","Unfadeable so please don't try to fade me |þBlacktivist | þ#StayWoke, Monica",9,815,1138,"Sat Aug 10 19:14:29 +0000 2013","damanimiles","en",false,"Eastern Time (US & Canada)",1353
"1662779209","Rachael Holbrook",1970,"RH0lbr00k","USA","ALL LIVES MATTER I'm a True Conservative Christian Patriot. I love God, I Love my Country. #pjnet #tcot #GodBlessAmerica",15,1799,1850,"Sun Aug 11 14:58:35 +0000 2013","rh0lbr00k","en",false,"Eastern Time (US & Canada)",1988
"1663583694","Malik Chandler",911,"FinnaGlo","Chicago, IL","The worst fool is an educated one…",7,810,1514,"Sun Aug 11 22:42:28 +0000 2013","finnaglo","en",false,"Eastern Time (US & Canada)",1507
"1668314575","Johnie Cooks",647,"JohnieBoyCooks","Atlanta, GA","warm as the sun, dipped in black. full time protagonist, womanist, & revolutionary | STRENGTH, COURAGE, & WISDOM.",4,674,1786,"Tue Aug 13 16:58:18 +0000 2013","johnieboycooks","en",false,"Eastern Time (US & Canada)",1499
"1670762347","Adam Chapman",728,"AdamChapmanJR","Arizona, USA","Womanist/ #allblacklivesmatter/ Don't be a dick, it's not that difficult /Anthropology major at the University of Arizona",5,835,1081,"Wed Aug 14 15:08:24 +0000 2013","adamchapmanjr","en",false,"Eastern Time (US & Canada)",1282
"1675280893","Brian Carter",698,"BrianTheLifter","Atlanta, GA","If you don't stand for anything, you will fall for everything #blacklivesmatter",7,880,1362,"Fri Aug 16 09:09:28 +0000 2013","brianthelifter","en",false,"Eastern Time (US & Canada)",1244
"1678552327","Angel Underwood",829,"WokeFromDay1","","I will not drown in the rising tide of conformity. I will not let authority ignore me. #staywoke ☯",15,782,1900,"Sat Aug 17 15:39:32 +0000 2013","wokefromday1","en",false,"Eastern Time (US & Canada)",1761
"1680366068","Willis Bonner",470,"WillisBonnerr","Ferguson, MO","You miss 100% of the shots you don’t take",7,571,1365,"Sun Aug 18 10:05:28 +0000 2013","willisbonnerr","en",false,"Eastern Time (US & Canada)",1356
"1683608846","Jeremy Cooley",464,"JerStoner","USA","If I rude, I rude. Author of All In Love Is Fair",6,596,1212,"Mon Aug 19 16:03:35 +0000 2013","jerstoner","en",false,"Eastern Time (US & Canada)",1249
"1685229229","Nehemiah Ingram",642,"NehemiahX","USA","sometimes i feel like Malcolm X before prison.. sometimes i feel like Malcom X after Mecca..þ#black #blackpride",12,691,1036,"Tue Aug 20 08:07:47 +0000 2013","nehemiahx","en",false,"Eastern Time (US & Canada)",1137
"1688003786","Arielle Goodwin",941,"QueennArielle","USA","If you want your children to turn out well, spend twice as much time with them, and half as much money.",6,909,1581,"Wed Aug 21 10:45:28 +0000 2013","queennarielle","en",false,"Eastern Time (US & Canada)",1614
"1691000604","Robert Thompson",478,"RobertEbonyKing","Chicago, IL","Gamer blerd4life, introvert #GodsMiracleChild #blacklivesmatter. searching for my ebony queen. get to know me I won't be quiet I promise",2,591,1074,"Thu Aug 22 13:11:59 +0000 2013","robertebonyking","en",false,"Eastern Time (US & Canada)",1141
"1695671640","John Martin",765,"JohnnyMarch_","","I proud of myself. Imma black",4,668,1482,"Sat Aug 24 06:17:31 +0000 2013","johnnymarch_","en",false,"Eastern Time (US & Canada)",1431
"1696996141","Ken",580,"KenCannone","NH","live your life to the fulles",9,774,290,"Sat Aug 24 17:04:03 +0000 2013","kencannone","en",false,"Eastern Time (US & Canada)",1264
"1706657124","Janel P.",1119,"janelperkinson","US","Mom. Grad Student. Agnostic Atheist. Nerd. I tweet about race, politics, technology, science, etc. #BlackLiberationMovement",5,942,1678,"Wed Aug 28 08:13:13 +0000 2013","janelperkinson","en",false,"Eastern Time (US & Canada)",1570
"1709314117","Matthew Caldwell",735,"aantiracist","Missouri, USA","Reparations will address society's racism. Let's do more than talk about it, it's time to unite & act on this. Make Black America Great!",9,897,1785,"Thu Aug 29 06:17:21 +0000 2013","aantiracist","en",false,"Eastern Time (US & Canada)",1498
"1711063908","cookie monster",779,"cookiiieeessss","USA","I eat that cookie like a monster",8,678,1610,"Thu Aug 29 22:03:28 +0000 2013","cookiiieeessss","en",false,"Eastern Time (US & Canada)",1587
"1850866398","Brice Geller",661,"BriceGeller","USA","Only the strong survives! Be brave!þ#StayWoke",7,711,1408,"Tue Sep 10 09:05:55 +0000 2013","bricegeller","en",false,"Eastern Time (US & Canada)",1386
"1863956756","Cory Hale",520,"CoryNaeNae","USA","YOUR LEADERS ARE WEAK. WE WILL CRUSH THEM. #BlackLivesMatter #PipeItUp",5,674,1004,"Sat Sep 14 14:11:28 +0000 2013","corynaenae","en",false,"Eastern Time (US & Canada)",1153
"1868810166","Khalil Sneed",512,"BigBoySneed","USA","Because Pro-Intellect would have been too cliche. FAMU Graduate.",6,555,908,"Sun Sep 15 19:03:59 +0000 2013","bigboysneed","en",false,"Eastern Time (US & Canada)",1281
"1873206768","Brent Mcclure",1008,"BrentMcclure275","","In bad luck, hold out; in good luck, hold in. Slow and steady wins the race and the road to a friends house is never long. #teamblack #antiracist",6,646,1547,"Mon Sep 16 22:32:27 +0000 2013","brentmcclure275","en",false,"Eastern Time (US & Canada)",1425
"1877492857","Christian Ward",1736,"ChesPlaysChess","USA","God Bless America! #Christian, #American, #Patriot, #TeaParty, #TGDN, #TCOT, #NRA, #LNYHBT, #PJNET",56,1404,13474,"Wed Sep 18 00:47:26 +0000 2013","chesplayschess","en",false,"Eastern Time (US & Canada)",15943
"1882324014","Patricia Cooper",1532,"Pati_Cooper","United States","Just because I am white - I am not racist. Sick of fake racism & being walked on. Conservative - Take America back. RIGHT VS WRONG - learn it!",30,1262,1441,"Thu Sep 19 08:08:12 +0000 2013","pati_cooper","en",false,"Eastern Time (US & Canada)",1898
"2351739462","Холодная Война 2.0",5300,"coldwar20_ru","Россия, Москва","Единственный аккаунт, проплаченный Кремлём.",388,44470,232,"Wed Feb 19 14:06:09 +0000 2014","coldwar20_ru","ru",false,"Volgograd",32426
"2491401030","Clifton Hughes",975,"CliftonHughes_","United States","Black people will change the world",8,866,1474,"Mon May 12 12:53:07 +0000 2014","cliftonhughes_","en",false,"Eastern Time (US & Canada)",1236
"2496599688","Rita Hart",2802,"NotRitaHart","Atlanta","Lost in the moment",21,1619,1657,"Thu May 15 15:46:10 +0000 2014","notritahart","en",false,"Eastern Time (US & Canada)",2224
"2497991305","Austin",41,"AustinLovesBeer","USA","Show me the meaning of being lonely",4,33,1,"Fri May 16 07:38:06 +0000 2014","austinlovesbeer","en",false,"Eastern Time (US & Canada)",103
"2530830345","New Orleans Online",11333,"NewOrleansON","New Orleans, LA","Breaking news, weather, traffic and more for New Orleans and Louisiana. DM us anytime. RTs not endorsements",157,27745,33,"Mon May 05 11:33:03 +0000 2014","neworleanson","en",false,"Central Time (US & Canada)",44882
"2533221819","Kate Stafford",1818,"LazyKStafford","USA","I'M AN AMERICAN LOVING PATRIOT-MARRIED TO A VIETNAM VET-CHRISTIAN & DEDICATED TO SAVING R FREEDOM!",30,2187,1509,"Tue May 06 17:01:42 +0000 2014","lazykstafford","en",false,"Volgograd",1752
"2534421182","Abigail Silk",629,"abigailssilk","Atlanta","",13,858,846,"Fri May 30 07:14:05 +0000 2014","abigailssilk","en",false,"Eastern Time (US & Canada)",1592
"2537507303","El Paso Top News",5033,"ElPasoTopNews","El Paso, Texas","El Paso top news and stories, powered 24/7",34,14648,2,"Fri May 09 18:10:19 +0000 2014","elpasotopnews","en",false,"Central Time (US & Canada)",8050
"2573225349","Dominic Valentine",3072,"DominicValent","US","Try to be a rainbow in someone's cloud",22,2569,2445,"Sat May 31 03:02:31 +0000 2014","dominicvalent","en",false,"Eastern Time (US & Canada)",2775
"2577082467","Cincinnati Today",9184,"TodayCincinnati","Cincinnati, OH","Cincinnati's local news on Twitter. Breaking news, sports, events and international news. Tweet us or DM",141,16483,1,"Mon Jun 02 09:58:20 +0000 2014","todaycincinnati","en",false,"Central Time (US & Canada)",15189
"2580516159","James Cox",2407,"JmsCoxxx","USA","After all is said and done, a lot more will have been said than done",6,1302,506,"Tue Jun 03 14:28:36 +0000 2014","jmscoxxx","en",false,"Eastern Time (US & Canada)",1652
"2591847731","Boston Today",8840,"TodayBostonMA","Boston, USA","Boston's local news on Twitter. Breaking news, sports, events  and international news. Tweet us or DM",153,15376,3,"Sun Jun 08 11:20:43 +0000 2014","todaybostonma","en",false,"Eastern Time (US & Canada)",15425
"2598367019","Rick Irwin",3105,"DickyIrwin","USA","Well done is better than well said",34,2033,2056,"Tue Jun 10 17:33:37 +0000 2014","dickyirwin","en",false,"Eastern Time (US & Canada)",2309
"2611151319","Seattle Post",5254,"Seattle_Post","Seattle, WA","Be the first to know Seattle's local news. Politics, sport, entertainment, business, features and more that you need to know and share",201,17222,17,"Sun Jun 15 11:14:44 +0000 2014","seattle_post","en",false,"Central Time (US & Canada)",27013
"2628066159","Houston Top News",9562,"HoustonTopNews","Houston, TX","Houston top news and stories, powered 24/7",115,16678,14,"Sat Jun 21 09:32:57 +0000 2014","houstontopnews","en",false,"Central Time (US & Canada)",20564
"2630842499","San Diego Daily",5435,"DailySanDiego","San Diego, CA","Follow for San Diego's breaking news, special reports, entertainment and more from @DailySanDiego",219,15702,2,"Sun Jun 22 08:43:22 +0000 2014","dailysandiego","en",false,"Pacific Time (US & Canada)",18733
"2675966513","Dallas Top News",7664,"DallasTopNews","Dallas, Texas","Dallas top news and stories, powered 24/7",151,18843,6,"Sat Jul 05 13:33:55 +0000 2014","dallastopnews","en",false,"Central Time (US & Canada)",19714
"2944766250","Atlanta Online",9424,"Atlanta_Online","Atlanta, GA","Breaking news, weather, traffic and more for Atlanta and Georgia. DM us anytime. RTs not endorsements",140,17346,7,"Sat Dec 27 08:26:11 +0000 2014","atlanta_online","en",false,"Eastern Time (US & Canada)",12995
"2944944427","Miami Today",9705,"TodayMiami","Miami, FL","Miami's local news on Twitter. Breaking news, sports, events  and international news. Tweet us or DM",117,18832,3,"Sat Dec 27 10:32:25 +0000 2014","todaymiami","en",false,"Eastern Time (US & Canada)",8218
"3070151882","Tatiana Maksimova",2326,"enTatjanaMax","Brussel, België","I'm scandinavian traveller and blogger.Also I write about politics EU.",50,609,14349,"Mon Mar 09 18:17:01 +0000 2015","entatjanamax","ru",false,"Volgograd",6946
"3074013672","Oakland Online",10232,"OaklandOnline","Oakland, CA","Breaking news, weather, traffic and more for Oakland. DM us anytime. RTs not endorsements",183,12147,0,"Wed Mar 11 22:07:13 +0000 2015","oaklandonline","en",false,"Pacific Time (US & Canada)",14867
"3081110164","Jackson City Post",2074,"JacksonCityPost","Jackson, MS","#CityOfJackson #Jackson #USA #America #US",56,2643,0,"Mon Mar 09 06:35:04 +0000 2015","jacksoncitypost","en",false,"Eastern Time (US & Canada)",6308
"3092302720","Kelvin Sok",1,"kelvsok","New York, NY","I like to go to parties and talk about memes",0,0,8,"Mon Mar 16 02:23:12 +0000 2015","kelvsok","en",false,"Eastern Time (US & Canada)",165
"3098232473","Nataly Turner",15,"nataturn","New York, NY","",1,6,1,"Fri Mar 20 02:37:16 +0000 2015","nataturn","en",false,"Eastern Time (US & Canada)",173
"3824403809","Вестник Дамаска",2784,"NovostiDamask","","",237,20247,3,"Wed Sep 30 13:21:07 +0000 2015","novostidamask","ru",false,"Volgograd",8500
"3969530725","Being Patriotic",9265,"patriototus","Texas, USA","Being patriotic means love or devotion to your homeland and readiness to defend it from any harm. United we stand, divided we fall.Conservative politics. #PJNet",58,11811,2011,"Wed Oct 21 13:27:31 +0000 2015","patriototus","en",false,"Eastern Time (US & Canada)",1706
"4103087435","Patriot Archive",7109,"Patriot_Archive","","American history in quotes & videos. Mostly politics.",35,7669,269,"Tue Nov 03 07:44:50 +0000 2015","patriot_archive","en",false,"Pacific Time (US & Canada)",609
"4208754922","People For Justice!",5377,"MissouriNewsUS","","#NeverHillary",84,5550,143,"Tue Nov 17 09:29:58 +0000 2015","missourinewsus","en",false,"Pacific Time (US & Canada)",1407
"4209684039","Luke Jones",1693,"Luke_Jones13","","A silent American patriot who was awoken by Donald Trump’s call to Make America Great Again.",12,2960,15,"Tue Nov 17 12:39:45 +0000 2015","luke_jones13","en",false,"Pacific Time (US & Canada)",286
"4224912857","",,"RealTEN_GOP","","",,,,"","realten_gop","",,"",
"737420000043139072","",,"March_for_Trump","","",,,,"","march_for_trump","",,"",
"4233777387","New Jersey Black",1890,"nj_blacknews","New Jersey, USA","Latest and most important news about New Jersey black community",44,2820,40,"Fri Nov 20 10:38:26 +0000 2015","nj_blacknews","en",false,"Pacific Time (US & Canada)",451
"4289431230","Red Louisiana News",8729,"redlanews","Lafayette, LA","Conservative; Right and proud; Christian. Love my country and will stand against liberals and socialists.",48,9767,360,"Thu Nov 19 11:53:45 +0000 2015","redlanews","en",false,"Pacific Time (US & Canada)",1530
"4289925109","Telah Blac",2176,"blacneighbor","","",40,2458,74,"Thu Nov 19 12:39:39 +0000 2015","blacneighbor","en",false,"Pacific Time (US & Canada)",1179
"4299815909","Jeblary Bushton",6347,"Jeblary2016","","2016 US presidential candidate",115,8462,0,"Fri Nov 27 20:33:47 +0000 2015","jeblary2016","en",false,"Pacific Time (US & Canada)",1176
"4795201707","American Muslims",1787,"MUSLIMS_IN_USA","","",11,2471,107,"Wed Jan 13 15:18:18 +0000 2016","muslims_in_usa","en",false,"Pacific Time (US & Canada)",649
"2438338479","ОнлиВан",150,"OooonlyOne","","",2,112,721,"Wed Mar 26 18:11:00 +0000 2014","oooonlyone","ru",false,"Baku",1205
"2498181012","Остров",310,"OstrovOfficer","Москва","Я смешной (всегда смеюсь над своими шутками)",3,241,2929,"Fri May 16 09:48:18 +0000 2014","ostrovofficer","ru",false,"Moscow",1616
"2516933027","Данила Маслов",643,"DannyMaslov","Saint Petersburg, Russia","Люблю хоккей, слежу за политикой #hcSKA",1,149,313,"Tue Apr 29 14:37:32 +0000 2014","dannymaslov","ru",false,"Baku",376
"2528799640","newtime",249,"gffgfsfgfsdffjj","","",8,152,1844,"Sun May 04 18:24:06 +0000 2014","gffgfsfgfsdffjj","ru",false,"Volgograd",828
"2536836075","Фрида",120,"OH_Frida","","Нет ничего дороже смеха, с его помощью можно оторваться от себя, стать невесомой.",1,95,3057,"Fri May 09 10:29:55 +0000 2014","oh_frida","ru",false,"Volgograd",1703
"2544279414","Stuart O'Shaughnessy",216,"Shocko_10","","",3,79,422,"Tue Jun 03 21:00:25 +0000 2014","shocko_10","en",false,"",1914
"2567949836","Хоррор",343,"HorrorKi","","Обещания дают, чтобы нарушать, чтобыþразрушать, разбивать вдребезги, на мелкиеþкусочки, дробить",1,84,2096,"Sat Jun 14 23:33:22 +0000 2014","horrorki","ru",false,"Volgograd",1778
"2578327831","Микки Улыбается",34,"MikkyRurk","","HA HA HA HA HA HA HA HA",3,76,2655,"Fri Jun 20 08:34:22 +0000 2014","mikkyrurk","ru",false,"Moscow",1433
"2578879620","Том Рони",323,"Zistti","","Хочется выпить.",1,76,2178,"Fri Jun 20 16:02:54 +0000 2014","zistti","ru",false,"Volgograd",1463
"2579089021","Люсик Винкова",49,"LysikVinkova","Мурманск","активистка",0,2347,720,"Fri Jun 20 18:20:57 +0000 2014","lysikvinkova","ru",false,"Moscow",636
"2582643409","Аркадий Трофимов",261,"arkadii_trofim","Ватноград","Может жизнь в России и не легка, но я люблю эту страну...",4,2096,1089,"Sun Jun 22 18:10:21 +0000 2014","arkadii_trofim","ru",false,"Volgograd",1549
"2586251828","Лила Горила",251,"Lila_Gorila","Москва","Я же росла нормальным ребенком, дальше чё случилось-то?",0,85,2634,"Tue Jun 24 19:44:26 +0000 2014","lila_gorila","ru",false,"Volgograd",1884
"2808833544","Максим Дементьев",94,"MaxDementiev","","Мне не всё равно",166,98412,3619,"Sun Sep 14 06:20:01 +0000 2014","maxdementiev","ru",false,"Yerevan",30624
"2992047969","Ять тв",502,"YatTVRussia","Санкт-Петербург","Группа самоотверженных и весьма независимых аниматоров.",5,289,496,"Thu Jan 22 13:49:05 +0000 2015","yattvrussia","ru",false,"",378
"38875764","Olga",6,"Leecory","St-Petersburg","here i am~",0,14,0,"Sat May 09 15:58:34 +0000 2009","leecory","ru",false,"St. Petersburg",219
"2519634855","Максим Благинин",84,"MaksBlaginin","Омск","Мила нам добра весть о нашей сторонеþОтечества и дым нам сладок.",1,4749,65,"Wed Apr 30 19:27:41 +0000 2014","maksblaginin","ru",false,"Moscow",223
"2525622731","тебе пиздец",1265,"TebePizdec","","это полный пиздец/18+/уёбывай",12,6360,292,"Sat May 03 14:55:01 +0000 2014","tebepizdec","ru",false,"Eastern Time (US & Canada)",1325
"2532553697","Борис Красильников",264,"KrasilnikovBor","Москва, Россия","Михаил Лермонтов со шведскими корнями и Александр Пушкин с африканскими корнями были более русскими, чем многие чистокровки",15,329,167,"Tue May 06 08:28:57 +0000 2014","krasilnikovbor","ru",false,"Volgograd",287
"2537243471","Bantta",278,"BanttaNantta","","Я уеду жить в свитер,þИ возьму с собой бутер",0,94,175,"Fri May 09 15:34:38 +0000 2014","banttanantta","ru",false,"Moscow",119
"2542876557","Илья Рогов",52,"RogovIlia","Москва","Справедливость доблесть избранных натур, правдивость долг каждого порядочного человека",0,2305,31,"Mon May 12 12:09:09 +0000 2014","rogovilia","ru",false,"Volgograd",208
"2579368386","Красти Псих",323,"KrustyPs","Красти Бургер ","",0,186,73,"Fri Jun 20 23:02:55 +0000 2014","krustyps","ru",false,"Volgograd",63
"3608261007","PoliceState",2092,"PoliceStateMe","","",10,1468,58,"Thu Sep 10 10:48:51 +0000 2015","policestateme","en",false,"Pacific Time (US & Canada)",611
"3900319276","أخبار عاجلة من سوريا",1655,"MidEastView","","#اخبار عاجلة ومهمة حول الحرب والسلم في #سوريا",3,2933,4,"Thu Oct 08 14:34:01 +0000 2015","mideastview","en",false,"Muscat",10983
"87588938","Одинокий Джордж",36,"anzgri","","Никто.",111,1267,75,"Thu Nov 05 01:44:48 +0000 2009","anzgri","ru",false,"Moscow",61735
"1497280638","Lindsey Rodriguez",1015,"LynsRodriguez","","Amateur travel fanatic",14,785,629,"Mon Jun 10 04:06:20 +0000 2013","lynsrodriguez","en",false,"Eastern Time (US & Canada)",1189
"1625965398","Meggie O'Neil",2020,"MeggieONeil","portland","love yourself or no one will love you",13,955,1572,"Sat Jul 27 17:56:57 +0000 2013","meggieoneil","en",false,"Eastern Time (US & Canada)",1594
"1701582961","Edmund Ragland",588,"EdmundRJr","Brooklyn, NY","EAT,SLEEP,BLEED MUSIC. BROOKLYN BRED, HOME FED. TALK SHIT AT YOUR OWN RISK!! WELCOME TO THE DANGER ZONE.",5,536,863,"Mon Aug 26 10:32:18 +0000 2013","edmundrjr","en",false,"Eastern Time (US & Canada)",1087
"2431598206","Маргарита Бероева",251,"margoberoeva","Москва","пишу учебник по истории моды",4,285,846,"Sun Mar 23 18:39:44 +0000 2014","margoberoeva","ru",false,"Nairobi",6109
"2537357265","Donna Miller",2565,"DonnieLMiller","LA","stars are mine",20,1363,1239,"Fri May 09 16:45:06 +0000 2014","donnielmiller","en",false,"Eastern Time (US & Canada)",2094
"2541109454","Gloris Glaze",206,"heyitsglor","United States","What's up?",0,74,14,"Mon Jun 02 09:33:38 +0000 2014","heyitsglor","en",false,"Eastern Time (US & Canada)",14
"2570574680","РИА ФАН",2908,"riafanru","Россия ","ВКонтакте: https://vk.com/riafanþFacebook: https://www.facebook.com/riafanruþОдноклассники: http://ok.ru/fannews",80,11370,0,"Mon Jun 16 09:08:53 +0000 2014","riafanru","ru",false,"Minsk",57212
"2589513234","Николай Зубов",657,"zubovnik","Москва","Журналист и блогер",155,26002,410,"Thu Jun 26 12:46:20 +0000 2014","zubovnik","ru",false,"Volgograd",19641
"2912754262","Pigeon Today",21248,"PigeonToday","United States","America’s Weakest Primetime Lineup Anywhere! Follow Merica's #1 cable news network, delivering you breaking news, insightful analysis, and must-see memes.",240,29524,1344,"Tue Dec 09 13:45:21 +0000 2014","pigeontoday","en",false,"Eastern Time (US & Canada)",15665
"3308949087","Malcolm",237,"mbrownhere","","",1,19,154,"Fri Jun 05 06:17:08 +0000 2015","mbrownhere","en",false,"",119
"3989295372","Instotus",4741,"instotus","","This is a community for everyone whose heart is with America. Don't be a stranger, be a patriot! Follow us!",23,4516,613,"Fri Oct 23 08:37:36 +0000 2015","instotus","en",false,"Pacific Time (US & Canada)",581
"4444330996","Global Enemy",2797,"GlobalFoe","Cosmopolitanism","Designed at unveiling roots of failed attempts to solve global problems #SeeGlobalFoe",28,1294,198,"Fri Dec 11 03:30:25 +0000 2015","globalfoe","en",false,"Pacific Time (US & Canada)",493
"733273388836347904","Chris Port",3866,"chrisuport_port","Hessen, Deutschland","Tierarzt;Mag CauntryMusic und Basketball; Politikaktiv, Hashtag-Spieler. Hat 2 Tochter und 3 Enkel",29,3178,3005,"Thu May 19 12:29:34 +0000 2016","chrisuport_port","de",false,"Berlin",741
"752965259506380800","Darrell Hunt",46,"Darrell_H_Hunt","","",0,1,0,"Tue Jul 12 20:38:02 +0000 2016","darrell_h_hunt","en",false,"",1
"753214907823382528","Margareth Kurz",136,"MargarethKurz","","",2,6,21,"Wed Jul 13 13:10:02 +0000 2016","margarethkurz","de",false,"Bern",250
"750367533660774406","Andreas Stern",149,"sternandreas404","","",2,17,28,"Tue Jul 05 16:35:35 +0000 2016","sternandreas404","de",false,"Madrid",253
"731123255457816577","Карточный Домик",3047,"WhiteHouseCards","Washington, DC","«Я всегда считал, что власть важнее денег, но когда доходит до выборов, именно деньги обеспечивают власть»",10,9426,0,"Fri May 13 14:05:42 +0000 2016","whitehousecards","ru",false,"Moscow",385
"2429465939","Арсений или Роман",241,"Arseni_Roman","","У меня черный пояс по сарказму.",4,72,3234,"Sat Mar 22 19:35:29 +0000 2014","arseni_roman","ru",false,"Moscow",1281
"2482076083","Сестра Джуд Мартин",226,"Bratuha_Borcuha","","",1,90,2048,"Wed May 07 12:57:38 +0000 2014","bratuha_borcuha","ru",false,"Moscow",1131
"735790317048344576","Брови Брежнева",6565,"bydrbre_","","секси-генсекси.  #бровибрежнева снова в деле.       МЫ ВЕРНУЛИСЬ!þБрови Вконтакте - http://vk.com/bydrbre",19,14353,96,"Thu May 26 11:10:56 +0000 2016","bydrbre_","ru",false,"Moscow",1035
"723434980177633280","Erdollum",4845,"erdollum","","Keiner kann uns verbieten, uns so zu äußern, wie wir es wollen! Wir sind für die Meinungsfreiheit!",45,5811,2986,"Fri Apr 22 08:55:14 +0000 2016","erdollum","de",false,"Berlin",2556
"2588336851","спектор",211,"inspectAn","Москва","Бывал на других планетах",4,129,1590,"Wed Jun 25 22:18:20 +0000 2014","inspectan","ru",false,"Volgograd",950
"747344250895884290","Markiya",74,"internalmemer","the corner of happy & healthy","sour. salty. bitter.",3,92,17113,"Mon Jun 27 08:22:09 +0000 2016","internalmemer","en",false,"",3871
"2516294981","Psycho",371,"krivelev_law","","Если смех продлевает жизнь, то я бессмертный",3,115,1214,"Tue Apr 29 06:33:00 +0000 2014","krivelev_law","ru",false,"Moscow",646
"2563075183","Твоя Харли",518,"med_Harley","","",0,88,1461,"Thu Jun 12 09:21:46 +0000 2014","med_harley","ru",false,"Volgograd",1321
"2577151334","Миллениум",108,"MiliMillennium","","План действий на сегодня:þ1. Проебать деньþ2. Лечь спать",0,88,2450,"Thu Jun 19 16:41:05 +0000 2014","milimillennium","ru",false,"Volgograd",1807
"2519246716","Кортон",240,"MrServelat","","Редкий покемон",0,98,2491,"Wed Apr 30 15:34:20 +0000 2014","mrservelat","ru",false,"Moscow",1564
"2525491683","Лама Нана",430,"nana_lama","Москва","Ты меня хотя бы набери, а лучше забери.",2,140,2698,"Sat May 03 13:40:08 +0000 2014","nana_lama","ru",false,"Volgograd",1727
"2534367226","ПолитОпрос",3695,"PolitOpros","","Общероссийская репрезентативная выборка для соцопросов составляет 1600 человек",48,19678,13,"Wed May 07 20:12:29 +0000 2014","politopros","ru",false,"Moscow",653
"2575626468","Шикарный",349,"ShikarnoeL","Омск","только те люди, которые мне нравятся, могут трогать мои волосы",2,87,1790,"Wed Jun 18 23:01:57 +0000 2014","shikarnoel","ru",false,"Volgograd",1288
"2504601561","Котик&Енотик",115,"TtlenLen","СПб","",0,120,2678,"Wed Apr 23 18:33:49 +0000 2014","ttlenlen","ru",false,"Moscow",2040
"789266125485998080","WorldNewsPolitics",4755,"WorldnewsPoli","Estados Unidos","All major information policy in the world, we are ready to give you the most accurate and timely information in the field of politics and economics",4,1957,0,"Fri Oct 21 00:44:43 +0000 2016","worldnewspoli","es",false,"",638
"748870305280647168","19:37",380,"4ever1937","","Утром кормили: хлеб, кипяток. Мне еще хлеба не полагалось",0,4476,21,"Fri Jul 01 13:26:09 +0000 2016","4ever1937","ru",false,"",33
"750675374619627520","Andreas Eulitz",95,"AndreasEulitz","","",1,9,46,"Wed Jul 06 12:58:51 +0000 2016","andreaseulitz","de",false,"London",98
"752824695452491780","Angela Lattke",90,"angela_lattke","","#USA and #Deutdchland - friends 4rever! #TTIP",1,14,59,"Tue Jul 12 11:19:29 +0000 2016","angela_lattke","de",false,"Bern",231
"714720908821327872","Nils Berkhoff",3179,"berkhoff85","Berlin, Deutschland","Ich  interessiere mich für #Politik, #SPD, #Wirtschaft und Internationale Beziehungen. In der Freizeit spiele ich Fußball und bin mit meiner Familie gern.",30,1753,816,"Tue Mar 29 07:48:38 +0000 2016","berkhoff85","de",false,"Berlin",1041
"725305686989656064","Berlin Bote",0,"BerlinBote","","",7,8,0,"Wed Apr 27 12:48:46 +0000 2016","berlinbote","de",false,"Bern",6804
"719275152987594752","Blacktivist",1424,"Blacktivists","","Non-Governmental Organization (NGO)",36,2404,21,"Sun Apr 10 21:25:34 +0000 2016","blacktivists","en",false,"Pacific Time (US & Canada)",710
"2401770593","Валерий Бреусов",53,"briys_valera","Moscow, Russia","Любите душу, а не то, что снаружи.",0,91,498,"Tue Mar 11 09:47:20 +0000 2014","briys_valera","en",false,"Baku",1078
"759825020210253825","Chaotic Neutral",55,"ChaNeutral","United States","What makes a man turn neutral... Lust for gold? Power? Or were you just born with a heart full of neutrality?",0,1,0,"Sun Jul 31 18:56:16 +0000 2016","chaneutral","en",false,"",16
"752863577770455040","Maria Fischer",75,"fischermaria933","","",1,17,135,"Tue Jul 12 13:53:59 +0000 2016","fischermaria933","de",false,"Berlin",217
"756553776291540992","GEO Review",281,"GeoreviewEurope","","",0,37,3,"Fri Jul 22 18:17:31 +0000 2016","georevieweurope","en",false,"Pacific Time (US & Canada)",16
"2588788573","Лана Дель Роджер",340,"gorelkinnn","Москва","любитель всяких глупостей",1,98,2029,"Thu Jun 26 03:43:22 +0000 2014","gorelkinnn","ru",false,"Moscow",999
"703670485859614720","InstVets",4244,"inst_vets","","",13,2618,3,"Sat Feb 27 19:58:12 +0000 2016","inst_vets","en",false,"",184
"719281218965999616","Jihadist Wife",3797,"Jihadist2ndWife","Islamic States of America","Wife of an ISIS terrorist. Enjoying submission to my husband and absence of women rights.   THIS IS SATIRICAL ACCOUNT NOT CONNECTED WITH ISIS!",51,5081,1036,"Sun Apr 10 21:49:41 +0000 2016","jihadist2ndwife","en",false,"Pacific Time (US & Canada)",1071
"2589592793","Джонни Морган",104,"Jorda_Morgan","","У людей период сейчас такой...þЛибо Есенин.þЛибо Каспийский.",0,67,1371,"Sat Jun 07 15:13:07 +0000 2014","jorda_morgan","ru",false,"Volgograd",738
"752973172438212609","LGBT United",262,"LGBTuni","","We speak for all fellow members of LGBT community across the nation.þGender preference does not define you. Your spirit defines you.",3,338,0,"Tue Jul 12 21:09:28 +0000 2016","lgbtuni","en",false,"",453
"535690498","LinaLuna",202,"Lmarinays","","НЛО",3,785,627,"Sat Mar 24 20:41:43 +0000 2012","lmarinays","ru",false,"Volgograd",9394
"716919079597182976","Lukas Rösler",3067,"lukas_rosler","","",14,1217,1270,"Mon Apr 04 09:23:23 +0000 2016","lukas_rosler","de",false,"Berlin",1212
"3906961827","Maxime Garon",522,"maximgaron1","Paris","Né à #Paris, je m'interesse des affaires étrangères. Tu peux trouver ici les #nouvelles récentes, n'hésitez pas à partager vos pensées. #Syrie",1,82,31,"Fri Oct 09 07:46:20 +0000 2015","maximgaron1","fr",false,"Paris",1024
"763665363154399232","darya medovaya",380,"mmmdarya","","",0,3263,249,"Thu Aug 11 09:16:25 +0000 2016","mmmdarya","ru",false,"Pacific Time (US & Canada)",248
"2533095573","Барин-Модник",52,"Moda_Barina","","Стильно, модно, молодежно",0,74,1594,"Tue May 06 15:30:14 +0000 2014","moda_barina","ru",false,"Volgograd",862
"718340894529822720","Matthias Berger",2966,"mtthsberger","","Fauler Student, ich studiere Wirtschaftsinformatik, spiele in der Freizeit  Tennis und spaziere mit meinen Freunden gern",23,980,2113,"Fri Apr 08 07:33:10 +0000 2016","mtthsberger","de",false,"Berlin",1135
"2545365862","ОбниМаша",257,"mwiqcen","","я не люблю обнимашки, не тискай меня!",3,244,2461,"Tue May 13 16:22:47 +0000 2014","mwiqcen","ru",false,"Volgograd",1291
"748464969008680963","$10 challenge",1510,"PeeOnHillary","United States","Print Hillary's face  Pee on it  Send us proofs  Earn money þþhttps://imgur.com/a/3p8EO",0,30,0,"Thu Jun 30 10:35:29 +0000 2016","peeonhillary","en",false,"Pacific Time (US & Canada)",4
"750345924061368321","Peter Kistner",632,"PeterKistner","","",2,52,32,"Tue Jul 05 15:09:43 +0000 2016","peterkistner","de",false,"Berlin",248
"762948178178150400","Русские в Америке",18,"RUS_IN_USA","","",2,5,0,"Tue Aug 09 09:46:35 +0000 2016","rus_in_usa","ru",false,"",13
"752791693381033984","Ingrid Schulte",100,"schultei2","","Ich glaube an Gerechtigkeit seit dem 22. November 2005",2,10,71,"Tue Jul 12 09:08:21 +0000 2016","schultei2","de",false,"Berlin",244
"752859805937766400","Katharina Sonder",210,"SonderKatharina","","Ich studiere BWL und mag reisen!",1,26,108,"Tue Jul 12 13:39:00 +0000 2016","sonderkatharina","de",false,"Berlin",393
"752881760510287872","Tina Kurtz",55,"TinaTkurtz1222","","",0,7,77,"Tue Jul 12 15:06:14 +0000 2016","tinatkurtz1222","de",false,"Bern",134
"749990330267758593","timofey tsvetkov",405,"TTsvetkov","st/petersburg","упакуй луну",0,3216,2812,"Mon Jul 04 15:36:43 +0000 2016","ttsvetkov","en",false,"",2271
"703291385861033984","Williams&Kalvin",599,"Williams8kalvin","","Videoblog about social issues. Subscribe to our YouTube channel!",9,740,32,"Fri Feb 26 18:51:47 +0000 2016","williams8kalvin","en",false,"",326
"703303258476036096","Diana Williams",4468,"Williams_Diana_","","American. Conservative. Woman.",10,1973,0,"Fri Feb 26 19:38:58 +0000 2016","williams_diana_","en",false,"Pacific Time (US & Canada)",170
"752849847124946944","Joachim Buchwitz",50,"JoachimBuchwitz","","",0,1,13,"Tue Jul 12 12:59:25 +0000 2016","joachimbuchwitz","de",false,"Berlin",5
"750656345926410240","Klara Sauber",192,"klara_sauber","","",0,25,12,"Wed Jul 06 11:43:14 +0000 2016","klara_sauber","de",false,"Bern",11
"749931338573250560","Maria Neuberg",100,"MariaNeuberg1","","",0,8,11,"Mon Jul 04 11:42:19 +0000 2016","marianeuberg1","de",false,"Bern",15
"","",,"andrebeauleger","","",,,,"","andrebeauleger","",,"",
"","",,"angelabach991","","",,,,"","angelabach991","",,"",
"","",,"AnthonyWoodboy","","",,,,"","anthonywoodboy","",,"",
"","",,"_Billy_Moyer_","","",,,,"","_billy_moyer_","",,"",
"","",,"c__wells","","",,,,"","c__wells","",,"",
"","",,"christinapool61","","",,,,"","christinapool61","",,"",
"","",,"evewebster373","","",,,,"","evewebster373","",,"",
"","",,"fishalexanderr","","",,,,"","fishalexanderr","",,"",
"","",,"Jamie_Mccarthy_","","",,,,"","jamie_mccarthy_","",,"",
"","",,"KarolineAuge","","",,,,"","karolineauge","",,"",
"","",,"LilyLilyhasse","","",,,,"","lilylilyhasse","",,"",
"","",,"Logan_WhatsUp","","",,,,"","logan_whatsup","",,"",
"","",,"manuelkrosss","","",,,,"","manuelkrosss","",,"",
"","",,"MicParrish","","",,,,"","micparrish","",,"",
"","",,"NinonDerrien","","",,,,"","ninonderrien","",,"",
"","",,"sylvielefevrier","","",,,,"","sylvielefevrier","",,"",
"","",,"verrellportier","","",,,,"","verrellportier","",,"",
"","",,"LelandGraves_","","",,,,"","lelandgraves_","",,"",
"","",,"GlennHarper_","","",,,,"","glennharper_","",,"",
"","",,"TodayCleveland","","",,,,"","todaycleveland","",,"",
"","",,"iris0_o","","",,,,"","iris0_o","",,"",
"","",,"ClydeDaws0n","","",,,,"","clydedaws0n","",,"",
"","",,"Joseph_Jenks","","",,,,"","joseph_jenks","",,"",
"","",,"Erdollum666","","",,,,"","erdollum666","",,"",
"","",,"EricaRutter","","",,,,"","ericarutter","",,"",
"","",,"riogithief","","",,,,"","riogithief","",,"",
"","",,"JaedenMassey","","",,,,"","jaedenmassey","",,"",
"","",,"IanCalh0un","","",,,,"","iancalh0un","",,"",
"","",,"MilwaukeeVoice","","",,,,"","milwaukeevoice","",,"",
"","",,"portmela","","",,,,"","portmela","",,"",
"","",,"BeverlyBalsom","","",,,,"","beverlybalsom","",,"",
"","",,"ssus_panther","","",,,,"","ssus_panther","",,"",
"","",,"ChristinaCrisss","","",,,,"","christinacrisss","",,"",
"","",,"JsnCarey","","",,,,"","jsncarey","",,"",
"","",,"ColbyST1","","",,,,"","colbyst1","",,"",
"","",,"AlbertMoreNMore","","",,,,"","albertmorenmore","",,"",
"","",,"Roscoe_Riddle","","",,,,"","roscoe_riddle","",,"",
"","",,"Israel_Wills","","",,,,"","israel_wills","",,"",
"","",,"OrrClay","","",,,,"","orrclay","",,"",
"","",,"agnesgrhm","","",,,,"","agnesgrhm","",,"",
"","",,"RyannCooperwood","","",,,,"","ryanncooperwood","",,"",
"","",,"Gibbs_Jeremy_","","",,,,"","gibbs_jeremy_","",,"",
"","",,"GraceLilStar","","",,,,"","gracelilstar","",,"",
"","",,"wildharee","","",,,,"","wildharee","",,"",
"","",,"handsome_henson","","",,,,"","handsome_henson","",,"",
"","",,"Danny_Turner_1","","",,,,"","danny_turner_1","",,"",
"","",,"jrrbrtt","","",,,,"","jrrbrtt","",,"",
"","",,"Jon_Underwood_","","",,,,"","jon_underwood_","",,"",
"","",,"EdmundC0oke","","",,,,"","edmundc0oke","",,"",
"","",,"SindyBlossom","","",,,,"","sindyblossom","",,"",
"","",,"sto_christi","","",,,,"","sto_christi","",,"",
"","",,"YaelTrouble","","",,,,"","yaeltrouble","",,"",
"","",,"KristyanaNN","","",,,,"","kristyanann","",,"",
"","",,"T0nyaSinclair","","",,,,"","t0nyasinclair","",,"",
"","",,"KimberleighLamb","","",,,,"","kimberleighlamb","",,"",
"","",,"HamburgBote","","",,,,"","hamburgbote","",,"",
"","",,"ReachItDoIt","","",,,,"","reachitdoit","",,"",
"","",,"KirstenLaDaniel","","",,,,"","kirstenladaniel","",,"",
"","",,"gwen_garland","","",,,,"","gwen_garland","",,"",
"","",,"KlausFinker","","",,,,"","klausfinker","",,"",
"","",,"srahSE","","",,,,"","srahse","",,"",
